{"nm":"Comp 1","ddd":0,"h":400,"w":400,"meta":{"g":"LottieFiles AE 0.1.20"},"layers":[{"ty":4,"nm":"Layer 8 Outlines 3","sr":1,"st":0,"op":384,"ip":0,"hd":false,"ddd":0,"bm":0,"hasMask":false,"ao":0,"ks":{"a":{"a":0,"k":[51.467,76.941,0],"ix":1},"s":{"a":0,"k":[100,100,100],"ix":6},"sk":{"a":0,"k":0},"p":{"a":0,"k":[51.467,76.941,0],"ix":2},"r":{"a":0,"k":0,"ix":10},"sa":{"a":0,"k":0},"o":{"a":0,"k":100,"ix":11}},"ef":[],"shapes":[{"ty":"gr","bm":0,"hd":false,"mn":"ADBE Vector Group","nm":"Group 1","ix":1,"cix":2,"np":2,"it":[{"ty":"sh","bm":0,"hd":false,"mn":"ADBE Vector Shape - Group","nm":"Path 1","ix":1,"d":1,"ks":{"a":0,"k":{"c":true,"i":[[0,-2.547],[2.543,0],[0,2.546],[-2.547,0]],"o":[[0,2.546],[-2.547,0],[0,-2.547],[2.543,0]],"v":[[4.61,-0.001],[0,4.61],[-4.61,-0.001],[0,-4.61]]},"ix":2}},{"ty":"fl","bm":0,"hd":false,"mn":"ADBE Vector Graphic - Fill","nm":"Fill 1","c":{"a":0,"k":[0.9647,0.8784,0.502],"ix":4},"r":1,"o":{"a":0,"k":100,"ix":5}},{"ty":"tr","a":{"a":0,"k":[0,0],"ix":1},"s":{"a":0,"k":[100,100],"ix":3},"sk":{"a":0,"k":0,"ix":4},"p":{"a":0,"k":[80.164,79.663],"ix":2},"r":{"a":0,"k":0,"ix":6},"sa":{"a":0,"k":0,"ix":5},"o":{"a":0,"k":100,"ix":7}}]},{"ty":"gr","bm":0,"hd":false,"mn":"ADBE Vector Group","nm":"Group 2","ix":2,"cix":2,"np":2,"it":[{"ty":"sh","bm":0,"hd":false,"mn":"ADBE Vector Shape - Group","nm":"Path 1","ix":1,"d":1,"ks":{"a":0,"k":{"c":true,"i":[[0,0],[0,2.566],[0,0],[-2.566,0],[0,0],[0,0]],"o":[[-2.566,0],[0,0],[0,-2.565],[0,0],[0,0],[0,0]],"v":[[-11.682,11.037],[-16.327,6.391],[-16.327,-6.392],[-11.682,-11.037],[16.327,-11.037],[16.327,11.037]]},"ix":2}},{"ty":"fl","bm":0,"hd":false,"mn":"ADBE Vector Graphic - Fill","nm":"Fill 1","c":{"a":0,"k":[0.251,0.8118,0.8118],"ix":4},"r":1,"o":{"a":0,"k":100,"ix":5}},{"ty":"tr","a":{"a":0,"k":[0,0],"ix":1},"s":{"a":0,"k":[100,100],"ix":3},"sk":{"a":0,"k":0,"ix":4},"p":{"a":0,"k":[87.482,79.662],"ix":2},"r":{"a":0,"k":0,"ix":6},"sa":{"a":0,"k":0,"ix":5},"o":{"a":0,"k":100,"ix":7}}]},{"ty":"gr","bm":0,"hd":false,"mn":"ADBE Vector Group","nm":"Group 3","ix":3,"cix":2,"np":2,"it":[{"ty":"sh","bm":0,"hd":false,"mn":"ADBE Vector Shape - Group","nm":"Path 1","ix":1,"d":1,"ks":{"a":0,"k":{"c":true,"i":[[5.727,0],[0,0],[0,5.724],[0,0],[-4.39,-2.295],[-2.089,0],[0,0],[0,-5.727],[0,0]],"o":[[0,0],[-5.727,0],[0,0],[0,0],[2.731,1.428],[0,0],[5.727,0],[0,0],[0,5.724]],"v":[[41.412,39.358],[-41.408,39.358],[-51.779,28.992],[-51.779,-39.358],[-47.022,-33.354],[-37.772,-31.942],[41.412,-31.942],[51.779,-21.577],[51.779,28.992]]},"ix":2}},{"ty":"fl","bm":0,"hd":false,"mn":"ADBE Vector Graphic - Fill","nm":"Fill 1","c":{"a":0,"k":[0.898,0.3059,0.1765],"ix":4},"r":1,"o":{"a":0,"k":100,"ix":5}},{"ty":"tr","a":{"a":0,"k":[0,0],"ix":1},"s":{"a":0,"k":[100,100],"ix":3},"sk":{"a":0,"k":0,"ix":4},"p":{"a":0,"k":[52.029,76.071],"ix":2},"r":{"a":0,"k":0,"ix":6},"sa":{"a":0,"k":0,"ix":5},"o":{"a":0,"k":100,"ix":7}}]}],"ind":1,"parent":3},{"ty":4,"nm":"Layer 8 Outlines 2","sr":1,"st":19,"op":396,"ip":8,"hd":false,"ddd":0,"bm":0,"hasMask":false,"ao":0,"ks":{"a":{"a":0,"k":[52.029,57.84,0],"ix":1},"s":{"a":1,"k":[{"o":{"x":0.333,"y":0},"i":{"x":0.667,"y":1},"s":[178,178,100],"t":80},{"s":[0,0,100],"t":85}],"ix":6},"sk":{"a":0,"k":0},"p":{"a":1,"k":[{"o":{"x":0.333,"y":0},"i":{"x":0.667,"y":1},"s":[207.55400000000003,284.721,0],"t":12,"ti":[0,11.833,0],"to":[0,-13.333,0]},{"o":{"x":0.167,"y":0},"i":{"x":0.667,"y":1},"s":[207.55400000000003,204.72100000000003,0],"t":18,"ti":[0,-1.5,0],"to":[0,-11.833,0]},{"o":{"x":0.167,"y":0.167},"i":{"x":0.667,"y":0.667},"s":[207.55400000000003,213.721,0],"t":24,"ti":[0,0,0],"to":[0,0,0]},{"o":{"x":0.167,"y":0},"i":{"x":0.667,"y":1},"s":[207.55400000000003,213.721,0],"t":65,"ti":[0,-11.833,0],"to":[0,-1.5,0]},{"o":{"x":0.167,"y":0},"i":{"x":0.833,"y":1},"s":[207.55400000000003,204.72100000000003,0],"t":72.5,"ti":[0,-13.333,0],"to":[0,11.833,0]},{"s":[207.55400000000003,284.721,0],"t":80}],"ix":2},"r":{"a":0,"k":0,"ix":10},"sa":{"a":0,"k":0},"o":{"a":0,"k":100,"ix":11}},"ef":[],"shapes":[{"ty":"gr","bm":0,"hd":false,"mn":"ADBE Vector Group","nm":"Group 4","ix":1,"cix":2,"np":5,"it":[{"ty":"sh","bm":0,"hd":false,"mn":"ADBE Vector Shape - Group","nm":"Path 1","ix":1,"d":1,"ks":{"a":0,"k":{"c":true,"i":[[0.773,-0.381],[1.551,0],[0,0],[0,0],[0,0],[-0.821,-0.357],[0,-1.122]],"o":[[-0.777,0.383],[0,0],[0,0],[0,0],[1.805,0],[0.82,0.36],[0,1.12]],"v":[[4.668,6.973],[1.18,7.547],[-2.531,7.547],[-2.531,1.962],[0.66,1.962],[4.598,2.498],[5.828,4.72]]},"ix":2}},{"ty":"sh","bm":0,"hd":false,"mn":"ADBE Vector Shape - Group","nm":"Path 2","ix":2,"d":1,"ks":{"a":0,"k":{"c":true,"i":[[-0.676,-0.347],[0,-1.076],[0.73,-0.322],[1.504,0],[0,0],[0,0],[0,0]],"o":[[0.668,0.348],[0,1.078],[-0.727,0.327],[0,0],[0,0],[0,0],[1.598,0]],"v":[[3.473,-7.025],[4.477,-4.892],[3.383,-2.795],[0.035,-2.308],[-2.531,-2.308],[-2.531,-7.546],[0.07,-7.546]]},"ix":2}},{"ty":"sh","bm":0,"hd":false,"mn":"ADBE Vector Shape - Group","nm":"Path 3","ix":3,"d":1,"ks":{"a":0,"k":{"c":true,"i":[[0,1.692],[0.887,1.031],[1.504,0.326],[-0.161,0.082],[-0.414,0.326],[0,1.897],[1.086,1.248],[1.192,0.394],[0.399,0.082],[0,0],[0,0],[0,0],[0,0],[0,0],[0,0],[0,0],[0,0],[0,0],[0,0],[0,0],[0,0],[0,0],[0,0],[0,0],[0,0],[0,0],[0,0],[0,0],[0,0],[0,0],[0,0],[0,0],[-1.063,1.191]],"o":[[0,-1.525],[-0.894,-1.027],[0.414,-0.182],[0.164,-0.079],[1.226,-0.924],[0,-1.571],[-0.602,-0.672],[-0.355,-0.117],[0,0],[0,0],[0,0],[0,0],[0,0],[0,0],[0,0],[0,0],[0,0],[0,0],[0,0],[0,0],[0,0],[0,0],[0,0],[0,0],[0,0],[0,0],[0,0],[0,0],[0,0],[0,0],[0,0],[2.313,-0.248],[1.156,-1.293]],"v":[[11.414,5.395],[10.082,1.561],[6.488,-0.47],[7.356,-0.867],[8.223,-1.476],[10.063,-5.709],[8.434,-9.939],[5.742,-11.536],[4.609,-11.829],[4.609,-14.916],[0.352,-14.916],[0.352,-12.125],[-2.5,-12.125],[-2.5,-14.916],[-6.758,-14.916],[-6.758,-12.125],[-7.945,-12.125],[-11.414,-12.125],[-11.414,-7.546],[-7.945,-7.546],[-7.945,7.547],[-11.414,7.547],[-11.414,12.128],[-7.945,12.128],[-6.758,12.128],[-6.758,14.916],[-2.5,14.916],[-2.5,12.128],[0.352,12.128],[0.352,14.916],[4.609,14.916],[4.609,12.022],[9.68,9.872]]},"ix":2}},{"ty":"mm","bm":0,"hd":false,"mn":"ADBE Vector Filter - Merge","nm":"Merge Paths 1","mm":1},{"ty":"fl","bm":0,"hd":false,"mn":"ADBE Vector Graphic - Fill","nm":"Fill 1","c":{"a":0,"k":[0.9647,0.8784,0.502],"ix":4},"r":1,"o":{"a":0,"k":100,"ix":5}},{"ty":"tr","a":{"a":0,"k":[0,0],"ix":1},"s":{"a":0,"k":[100,100],"ix":3},"sk":{"a":0,"k":0,"ix":4},"p":{"a":0,"k":[50.629,33.55],"ix":2},"r":{"a":0,"k":0,"ix":6},"sa":{"a":0,"k":0,"ix":5},"o":{"a":0,"k":100,"ix":7}}]},{"ty":"gr","bm":0,"hd":false,"mn":"ADBE Vector Group","nm":"Group 5","ix":2,"cix":2,"np":2,"it":[{"ty":"sh","bm":0,"hd":false,"mn":"ADBE Vector Shape - Group","nm":"Path 1","ix":1,"d":1,"ks":{"a":0,"k":{"c":true,"i":[[0,-13.809],[13.809,0],[0,13.804],[-13.805,0]],"o":[[0,13.804],[-13.805,0],[0,-13.809],[13.809,0]],"v":[[24.998,0.001],[-0.002,24.997],[-24.998,0.001],[-0.002,-24.997]]},"ix":2}},{"ty":"fl","bm":0,"hd":false,"mn":"ADBE Vector Graphic - Fill","nm":"Fill 1","c":{"a":0,"k":[0.9647,0.8824,0.502],"ix":4},"r":1,"o":{"a":0,"k":100,"ix":5}},{"ty":"tr","a":{"a":0,"k":[0,0],"ix":1},"s":{"a":0,"k":[100,100],"ix":3},"sk":{"a":0,"k":0,"ix":4},"p":{"a":0,"k":[50.631,33.552],"ix":2},"r":{"a":0,"k":0,"ix":6},"sa":{"a":0,"k":0,"ix":5},"o":{"a":0,"k":100,"ix":7}}]},{"ty":"gr","bm":0,"hd":false,"mn":"ADBE Vector Group","nm":"Group 6","ix":3,"cix":2,"np":2,"it":[{"ty":"sh","bm":0,"hd":false,"mn":"ADBE Vector Shape - Group","nm":"Path 1","ix":1,"d":1,"ks":{"a":0,"k":{"c":true,"i":[[0,-18.395],[18.395,0],[0,18.393],[-18.39,0]],"o":[[0,18.393],[-18.39,0],[0,-18.395],[18.395,0]],"v":[[33.303,0.001],[-0.003,33.302],[-33.303,0.001],[-0.003,-33.302]]},"ix":2}},{"ty":"fl","bm":0,"hd":false,"mn":"ADBE Vector Graphic - Fill","nm":"Fill 1","c":{"a":0,"k":[0.9294,0.7373,0.2078],"ix":4},"r":1,"o":{"a":0,"k":100,"ix":5}},{"ty":"tr","a":{"a":0,"k":[0,0],"ix":1},"s":{"a":0,"k":[100,100],"ix":3},"sk":{"a":0,"k":0,"ix":4},"p":{"a":0,"k":[50.631,33.552],"ix":2},"r":{"a":0,"k":0,"ix":6},"sa":{"a":0,"k":0,"ix":5},"o":{"a":0,"k":100,"ix":7}}]}],"ind":2},{"ty":4,"nm":"Layer 8 Outlines","sr":1,"st":0,"op":384,"ip":0,"hd":false,"ddd":0,"bm":0,"hasMask":false,"ao":0,"ks":{"a":{"a":0,"k":[52.029,57.84,0],"ix":1},"s":{"a":1,"k":[{"o":{"x":0.333,"y":0},"i":{"x":0.667,"y":1},"s":[0,0,100],"t":0},{"o":{"x":0.333,"y":0},"i":{"x":0.667,"y":1},"s":[185,185,100],"t":9},{"o":{"x":0.333,"y":0},"i":{"x":0.667,"y":1},"s":[170,170,100],"t":12},{"o":{"x":0.333,"y":0},"i":{"x":0.667,"y":1},"s":[178,178,100],"t":15},{"o":{"x":0.167,"y":0},"i":{"x":0.667,"y":1},"s":[178,178,100],"t":78},{"o":{"x":0.333,"y":0},"i":{"x":0.667,"y":1},"s":[190,190,100],"t":83},{"s":[0,0,100],"t":88}],"ix":6},"sk":{"a":0,"k":0},"p":{"a":0,"k":[207.55400000000003,204.72100000000003,0],"ix":2},"r":{"a":0,"k":0,"ix":10},"sa":{"a":0,"k":0},"o":{"a":0,"k":100,"ix":11}},"ef":[],"shapes":[{"ty":"gr","bm":0,"hd":false,"mn":"ADBE Vector Group","nm":"Group 7","ix":1,"cix":2,"np":2,"it":[{"ty":"sh","bm":0,"hd":false,"mn":"ADBE Vector Shape - Group","nm":"Path 1","ix":1,"d":1,"ks":{"a":0,"k":{"c":true,"i":[[5.723,0],[0,0],[0,5.726],[0,0],[-5.727,0],[0,0],[0,-5.725],[0,0]],"o":[[0,0],[-5.727,0],[0,0],[0,-5.725],[0,0],[5.723,0],[0,0],[0,5.726]],"v":[[39.207,35.651],[-39.199,35.651],[-49.57,25.284],[-49.57,-25.286],[-39.199,-35.651],[39.207,-35.651],[49.57,-25.286],[49.57,25.284]]},"ix":2}},{"ty":"fl","bm":0,"hd":false,"mn":"ADBE Vector Graphic - Fill","nm":"Fill 1","c":{"a":0,"k":[0.5255,0.1373,0.051],"ix":4},"r":1,"o":{"a":0,"k":100,"ix":5}},{"ty":"tr","a":{"a":0,"k":[0,0],"ix":1},"s":{"a":0,"k":[100,100],"ix":3},"sk":{"a":0,"k":0,"ix":4},"p":{"a":0,"k":[49.82,62.306],"ix":2},"r":{"a":0,"k":0,"ix":6},"sa":{"a":0,"k":0,"ix":5},"o":{"a":0,"k":100,"ix":7}}]}],"ind":3},{"ty":4,"nm":"зв Outlines 4","sr":1,"st":26,"op":410,"ip":26,"hd":false,"ddd":0,"bm":0,"hasMask":false,"ao":0,"ks":{"a":{"a":0,"k":[673.894,440.86,0],"ix":1},"s":{"a":1,"k":[{"o":{"x":0.333,"y":0},"i":{"x":0.667,"y":1},"s":[0,0,100],"t":26},{"o":{"x":0.333,"y":0},"i":{"x":0.667,"y":1},"s":[185,185,100],"t":31},{"o":{"x":0.167,"y":0},"i":{"x":0.667,"y":1},"s":[160,160,100],"t":36},{"o":{"x":0.333,"y":0},"i":{"x":0.667,"y":1},"s":[185,185,100],"t":41},{"o":{"x":0.167,"y":0},"i":{"x":0.667,"y":1},"s":[160,160,100],"t":46},{"o":{"x":0.167,"y":0},"i":{"x":0.667,"y":1},"s":[185,185,100],"t":51},{"o":{"x":0.167,"y":0},"i":{"x":0.667,"y":1},"s":[160,160,100],"t":56},{"o":{"x":0.167,"y":0},"i":{"x":0.667,"y":1},"s":[185,185,100],"t":61},{"o":{"x":0.167,"y":0},"i":{"x":0.667,"y":1},"s":[160,160,100],"t":66},{"o":{"x":0.167,"y":0},"i":{"x":0.667,"y":1},"s":[185,185,100],"t":71},{"o":{"x":0.167,"y":0},"i":{"x":0.667,"y":1},"s":[160,160,100],"t":77},{"o":{"x":0.167,"y":0},"i":{"x":0.569,"y":0.662},"s":[185,185,100],"t":83},{"o":{"x":0.317,"y":-68.821},"i":{"x":0.703,"y":1},"s":[0,0,100],"t":87},{"s":[0,0,100],"t":93}],"ix":6},"sk":{"a":0,"k":0},"p":{"a":0,"k":[65.796,293.759,0],"ix":2},"r":{"a":0,"k":0,"ix":10},"sa":{"a":0,"k":0},"o":{"a":0,"k":100,"ix":11}},"ef":[],"shapes":[{"ty":"gr","bm":0,"hd":false,"mn":"ADBE Vector Group","nm":"Group 1","ix":1,"cix":2,"np":2,"it":[{"ty":"sh","bm":0,"hd":false,"mn":"ADBE Vector Shape - Group","nm":"Path 1","ix":1,"d":1,"ks":{"a":0,"k":{"c":true,"i":[[-3.242,-0.812],[0,0],[0,0],[0.813,-3.238],[0,0],[0,0],[3.238,0.813],[0,0],[0,0],[-0.809,3.238],[0,0],[0,0]],"o":[[0,0],[0,0],[-3.242,0.813],[0,0],[0,0],[-0.809,-3.238],[0,0],[0,0],[3.238,-0.812],[0,0],[0,0],[0.813,3.238]],"v":[[6.722,-0.138],[7.277,0.003],[6.722,0.139],[0.136,6.721],[-0.001,7.276],[-0.141,6.721],[-6.723,0.139],[-7.278,0.003],[-6.723,-0.138],[-0.141,-6.72],[-0.001,-7.275],[0.136,-6.72]]},"ix":2}},{"ty":"fl","bm":0,"hd":false,"mn":"ADBE Vector Graphic - Fill","nm":"Fill 1","c":{"a":0,"k":[0.2235,0.5569,0.2392],"ix":4},"r":1,"o":{"a":0,"k":100,"ix":5}},{"ty":"tr","a":{"a":0,"k":[0,0],"ix":1},"s":{"a":0,"k":[100,100],"ix":3},"sk":{"a":0,"k":0,"ix":4},"p":{"a":0,"k":[674.112,440.422],"ix":2},"r":{"a":0,"k":0,"ix":6},"sa":{"a":0,"k":0,"ix":5},"o":{"a":0,"k":100,"ix":7}}]}],"ind":4},{"ty":4,"nm":"зв Outlines 3","sr":1,"st":23,"op":407,"ip":23,"hd":false,"ddd":0,"bm":0,"hasMask":false,"ao":0,"ks":{"a":{"a":0,"k":[725.861,323.445,0],"ix":1},"s":{"a":1,"k":[{"o":{"x":0.333,"y":0},"i":{"x":0.667,"y":1},"s":[0,0,100],"t":23},{"o":{"x":0.333,"y":0},"i":{"x":0.667,"y":1},"s":[185,185,100],"t":28},{"o":{"x":0.167,"y":0},"i":{"x":0.667,"y":1},"s":[160,160,100],"t":33},{"o":{"x":0.333,"y":0},"i":{"x":0.667,"y":1},"s":[185,185,100],"t":38},{"o":{"x":0.167,"y":0},"i":{"x":0.667,"y":1},"s":[160,160,100],"t":43},{"o":{"x":0.167,"y":0},"i":{"x":0.667,"y":1},"s":[185,185,100],"t":48},{"o":{"x":0.167,"y":0},"i":{"x":0.667,"y":1},"s":[160,160,100],"t":53},{"o":{"x":0.167,"y":0},"i":{"x":0.667,"y":1},"s":[185,185,100],"t":58},{"o":{"x":0.167,"y":0},"i":{"x":0.667,"y":1},"s":[160,160,100],"t":63},{"o":{"x":0.167,"y":0},"i":{"x":0.667,"y":1},"s":[185,185,100],"t":68},{"o":{"x":0.167,"y":0},"i":{"x":0.667,"y":1},"s":[160,160,100],"t":73},{"o":{"x":0.167,"y":0},"i":{"x":0.667,"y":1},"s":[185,185,100],"t":78},{"o":{"x":0.167,"y":0},"i":{"x":0.569,"y":0.549},"s":[160,160,100],"t":83},{"o":{"x":0.317,"y":-79.574},"i":{"x":0.703,"y":1},"s":[0,0,100],"t":87},{"s":[0,0,100],"t":93}],"ix":6},"sk":{"a":0,"k":0},"p":{"a":0,"k":[329.296,141.759,0],"ix":2},"r":{"a":0,"k":0,"ix":10},"sa":{"a":0,"k":0},"o":{"a":0,"k":100,"ix":11}},"ef":[],"shapes":[{"ty":"gr","bm":0,"hd":false,"mn":"ADBE Vector Group","nm":"Group 2","ix":1,"cix":2,"np":2,"it":[{"ty":"sh","bm":0,"hd":false,"mn":"ADBE Vector Shape - Group","nm":"Path 1","ix":1,"d":1,"ks":{"a":0,"k":{"c":true,"i":[[-3.051,-0.766],[0,0],[0,0],[0.766,-3.055],[0,0],[0,0],[3.055,0.761],[0,0],[0,0],[-0.765,3.055],[0,0],[0,0]],"o":[[0,0],[0,0],[-3.051,0.761],[0,0],[0,0],[-0.765,-3.055],[0,0],[0,0],[3.055,-0.766],[0,0],[0,0],[0.766,3.055]],"v":[[6.334,-0.133],[6.857,0],[6.334,0.133],[0.131,6.336],[-0.002,6.859],[-0.131,6.336],[-6.338,0.133],[-6.857,0],[-6.338,-0.133],[-0.131,-6.336],[-0.002,-6.859],[0.131,-6.336]]},"ix":2}},{"ty":"fl","bm":0,"hd":false,"mn":"ADBE Vector Graphic - Fill","nm":"Fill 1","c":{"a":0,"k":[0.2235,0.5569,0.2392],"ix":4},"r":1,"o":{"a":0,"k":100,"ix":5}},{"ty":"tr","a":{"a":0,"k":[0,0],"ix":1},"s":{"a":0,"k":[100,100],"ix":3},"sk":{"a":0,"k":0,"ix":4},"p":{"a":0,"k":[725.332,323.166],"ix":2},"r":{"a":0,"k":0,"ix":6},"sa":{"a":0,"k":0,"ix":5},"o":{"a":0,"k":100,"ix":7}}]}],"ind":5},{"ty":4,"nm":"зв Outlines 2","sr":1,"st":18,"op":402,"ip":18,"hd":false,"ddd":0,"bm":0,"hasMask":false,"ao":0,"ks":{"a":{"a":0,"k":[751.142,312.77,0],"ix":1},"s":{"a":1,"k":[{"o":{"x":0.333,"y":0},"i":{"x":0.667,"y":1},"s":[0,0,100],"t":18},{"o":{"x":0.333,"y":0},"i":{"x":0.667,"y":1},"s":[185,185,100],"t":23},{"o":{"x":0.167,"y":0},"i":{"x":0.667,"y":1},"s":[160,160,100],"t":28},{"o":{"x":0.333,"y":0},"i":{"x":0.667,"y":1},"s":[185,185,100],"t":33},{"o":{"x":0.167,"y":0},"i":{"x":0.667,"y":1},"s":[160,160,100],"t":38},{"o":{"x":0.167,"y":0},"i":{"x":0.667,"y":1},"s":[185,185,100],"t":43},{"o":{"x":0.167,"y":0},"i":{"x":0.667,"y":1},"s":[160,160,100],"t":48},{"o":{"x":0.167,"y":0},"i":{"x":0.667,"y":1},"s":[185,185,100],"t":53},{"o":{"x":0.167,"y":0},"i":{"x":0.667,"y":1},"s":[160,160,100],"t":58},{"o":{"x":0.167,"y":0},"i":{"x":0.667,"y":1},"s":[185,185,100],"t":63},{"o":{"x":0.167,"y":0},"i":{"x":0.667,"y":1},"s":[160,160,100],"t":68},{"o":{"x":0.167,"y":0},"i":{"x":0.667,"y":1},"s":[185,185,100],"t":73},{"o":{"x":0.167,"y":0},"i":{"x":0.667,"y":1},"s":[160,160,100],"t":78},{"o":{"x":0.167,"y":0},"i":{"x":0.564,"y":0.708},"s":[185,185,100],"t":83},{"o":{"x":0.38,"y":-70.654},"i":{"x":0.841,"y":1},"s":[0,0,100],"t":87},{"s":[0,0,100],"t":93}],"ix":6},"sk":{"a":0,"k":0},"p":{"a":0,"k":[94.296,342.759,0],"ix":2},"r":{"a":0,"k":0,"ix":10},"sa":{"a":0,"k":0},"o":{"a":0,"k":100,"ix":11}},"ef":[],"shapes":[{"ty":"gr","bm":0,"hd":false,"mn":"ADBE Vector Group","nm":"Group 3","ix":1,"cix":2,"np":2,"it":[{"ty":"sh","bm":0,"hd":false,"mn":"ADBE Vector Shape - Group","nm":"Path 1","ix":1,"d":1,"ks":{"a":0,"k":{"c":true,"i":[[-4.527,-1.133],[0,0],[0,0],[1.132,-4.527],[0,0],[0,0],[4.523,1.132],[0,0],[0,0],[-1.137,4.523],[0,0],[0,0]],"o":[[0,0],[0,0],[-4.527,1.132],[0,0],[0,0],[-1.137,-4.527],[0,0],[0,0],[4.523,-1.133],[0,0],[0,0],[1.132,4.523]],"v":[[9.389,-0.197],[10.162,-0.002],[9.389,0.194],[0.194,9.389],[-0.002,10.162],[-0.193,9.389],[-9.388,0.194],[-10.162,-0.002],[-9.388,-0.197],[-0.193,-9.388],[-0.002,-10.162],[0.194,-9.388]]},"ix":2}},{"ty":"fl","bm":0,"hd":false,"mn":"ADBE Vector Graphic - Fill","nm":"Fill 1","c":{"a":0,"k":[0.2235,0.5569,0.2392],"ix":4},"r":1,"o":{"a":0,"k":100,"ix":5}},{"ty":"tr","a":{"a":0,"k":[0,0],"ix":1},"s":{"a":0,"k":[100,100],"ix":3},"sk":{"a":0,"k":0,"ix":4},"p":{"a":0,"k":[751.422,311.793],"ix":2},"r":{"a":0,"k":0,"ix":6},"sa":{"a":0,"k":0,"ix":5},"o":{"a":0,"k":100,"ix":7}}]}],"ind":6},{"ty":4,"nm":"зв Outlines","sr":1,"st":21,"op":405,"ip":21,"hd":false,"ddd":0,"bm":0,"hasMask":false,"ao":0,"ks":{"a":{"a":0,"k":[712.659,465.298,0],"ix":1},"s":{"a":1,"k":[{"o":{"x":0.333,"y":0},"i":{"x":0.667,"y":1},"s":[0,0,100],"t":21},{"o":{"x":0.333,"y":0},"i":{"x":0.667,"y":1},"s":[185,185,100],"t":26},{"o":{"x":0.167,"y":0},"i":{"x":0.667,"y":1},"s":[160,160,100],"t":31},{"o":{"x":0.333,"y":0},"i":{"x":0.667,"y":1},"s":[185,185,100],"t":36},{"o":{"x":0.167,"y":0},"i":{"x":0.667,"y":1},"s":[160,160,100],"t":41},{"o":{"x":0.167,"y":0},"i":{"x":0.667,"y":1},"s":[185,185,100],"t":46},{"o":{"x":0.167,"y":0},"i":{"x":0.667,"y":1},"s":[160,160,100],"t":51},{"o":{"x":0.167,"y":0},"i":{"x":0.667,"y":1},"s":[185,185,100],"t":56},{"o":{"x":0.167,"y":0},"i":{"x":0.667,"y":1},"s":[160,160,100],"t":62},{"o":{"x":0.167,"y":0},"i":{"x":0.667,"y":1},"s":[185,185,100],"t":67},{"o":{"x":0.167,"y":0},"i":{"x":0.667,"y":1},"s":[160,160,100],"t":72},{"o":{"x":0.167,"y":0},"i":{"x":0.667,"y":1},"s":[185,185,100],"t":77},{"o":{"x":0.167,"y":0},"i":{"x":0.564,"y":0.609},"s":[160,160,100],"t":83},{"o":{"x":0.38,"y":-81.694},"i":{"x":0.841,"y":1},"s":[0,0,100],"t":87},{"s":[0,0,100],"t":93}],"ix":6},"sk":{"a":0,"k":0},"p":{"a":0,"k":[292.796,84.259,0],"ix":2},"r":{"a":0,"k":0,"ix":10},"sa":{"a":0,"k":0},"o":{"a":0,"k":100,"ix":11}},"ef":[],"shapes":[{"ty":"gr","bm":0,"hd":false,"mn":"ADBE Vector Group","nm":"Group 4","ix":1,"cix":2,"np":2,"it":[{"ty":"sh","bm":0,"hd":false,"mn":"ADBE Vector Shape - Group","nm":"Path 1","ix":1,"d":1,"ks":{"a":0,"k":{"c":true,"i":[[-5.902,-1.48],[0,0],[0,0],[1.48,-5.902],[0,0],[0,0],[5.902,1.48],[0,0],[0,0],[-1.477,5.898],[0,0],[0,0]],"o":[[0,0],[0,0],[-5.902,1.48],[0,0],[0,0],[-1.477,-5.902],[0,0],[0,0],[5.902,-1.48],[0,0],[0,0],[1.48,5.898]],"v":[[12.246,-0.252],[13.254,0.002],[12.246,0.252],[0.25,12.244],[0,13.252],[-0.254,12.244],[-12.246,0.252],[-13.254,0.002],[-12.246,-0.252],[-0.254,-12.244],[0,-13.252],[0.25,-12.244]]},"ix":2}},{"ty":"fl","bm":0,"hd":false,"mn":"ADBE Vector Graphic - Fill","nm":"Fill 1","c":{"a":0,"k":[0.2235,0.5569,0.2392],"ix":4},"r":1,"o":{"a":0,"k":100,"ix":5}},{"ty":"tr","a":{"a":0,"k":[0,0],"ix":1},"s":{"a":0,"k":[100,100],"ix":3},"sk":{"a":0,"k":0,"ix":4},"p":{"a":0,"k":[712.901,464.848],"ix":2},"r":{"a":0,"k":0,"ix":6},"sa":{"a":0,"k":0,"ix":5},"o":{"a":0,"k":100,"ix":7}}]}],"ind":7}],"v":"5.5.7","fr":30,"op":90,"ip":0,"assets":[]}