{"v":"5.5.9","fr":60,"ip":0,"op":330,"w":1500,"h":1500,"nm":"Comp 1","ddd":0,"assets":[{"id":"comp_0","layers":[{"ddd":0,"ind":1,"ty":0,"nm":"Wallet Comp\\\\","refId":"comp_1","sr":1,"ks":{"o":{"a":0,"k":100,"ix":11},"r":{"a":0,"k":0,"ix":10},"p":{"a":0,"k":[750,750,0],"ix":2},"a":{"a":0,"k":[750,750,0],"ix":1},"s":{"a":0,"k":[144,144,100],"ix":6}},"ao":0,"w":1500,"h":1500,"ip":0,"op":2108,"st":0,"bm":0},{"ddd":0,"ind":2,"ty":4,"nm":"Shape Layer 4","sr":1,"ks":{"o":{"a":0,"k":100,"ix":11},"r":{"a":0,"k":0,"ix":10},"p":{"a":0,"k":[753,700,0],"ix":2},"a":{"a":0,"k":[-61,-79,0],"ix":1},"s":{"a":0,"k":[100,100,100],"ix":6}},"ao":0,"shapes":[{"ty":"gr","it":[{"ind":0,"ty":"sh","ix":1,"ks":{"a":0,"k":{"i":[[-181.702,0],[0,-181.702],[181.702,0],[0,181.702]],"o":[[181.702,0],[0,181.702],[-181.702,0],[0,-181.702]],"v":[[0,-329],[329,0],[0,154],[-329,0]],"c":true},"ix":2},"nm":"Path 1","mn":"ADBE Vector Shape - Group","hd":false},{"ty":"fl","c":{"a":0,"k":[0.984313785329,0.894117706897,0.831372608858,1],"ix":4},"o":{"a":0,"k":100,"ix":5},"r":1,"bm":0,"nm":"Fill 1","mn":"ADBE Vector Graphic - Fill","hd":false},{"ty":"tr","p":{"a":0,"k":[-61,-79],"ix":2},"a":{"a":0,"k":[0,0],"ix":1},"s":{"a":0,"k":[100,100],"ix":3},"r":{"a":0,"k":0,"ix":6},"o":{"a":0,"k":100,"ix":7},"sk":{"a":0,"k":0,"ix":4},"sa":{"a":0,"k":0,"ix":5},"nm":"Transform"}],"nm":"Ellipse 1","np":3,"cix":2,"bm":0,"ix":1,"mn":"ADBE Vector Group","hd":false}],"ip":0,"op":2108,"st":0,"bm":0}]},{"id":"comp_1","layers":[{"ddd":0,"ind":1,"ty":4,"nm":"Wallet 2","sr":1,"ks":{"o":{"a":0,"k":100,"ix":11},"r":{"a":1,"k":[{"i":{"x":[0.833],"y":[0.413]},"o":{"x":[0.167],"y":[0]},"t":0,"s":[0]},{"i":{"x":[0.833],"y":[0.883]},"o":{"x":[0.167],"y":[0.028]},"t":40,"s":[0]},{"i":{"x":[0.833],"y":[1.352]},"o":{"x":[0.167],"y":[0.288]},"t":48,"s":[4.229]},{"i":{"x":[0.833],"y":[0.798]},"o":{"x":[0.167],"y":[0.084]},"t":56,"s":[5.953]},{"i":{"x":[0.833],"y":[0.886]},"o":{"x":[0.167],"y":[0.081]},"t":68,"s":[-4.863]},{"i":{"x":[0.833],"y":[1.088]},"o":{"x":[0.167],"y":[0.311]},"t":70,"s":[-9.357]},{"i":{"x":[0.833],"y":[0.814]},"o":{"x":[0.167],"y":[0.077]},"t":72,"s":[-11]},{"i":{"x":[0.833],"y":[0.828]},"o":{"x":[0.167],"y":[0.142]},"t":77,"s":[-6.327]},{"i":{"x":[0.833],"y":[0.895]},"o":{"x":[0.167],"y":[0.16]},"t":80,"s":[-2.64]},{"i":{"x":[0.833],"y":[0.849]},"o":{"x":[0.167],"y":[0.273]},"t":82,"s":[0]},{"i":{"x":[0.833],"y":[1.031]},"o":{"x":[0.167],"y":[0.196]},"t":85,"s":[1.525]},{"i":{"x":[0.833],"y":[0.951]},"o":{"x":[0.167],"y":[0.124]},"t":87,"s":[2.308]},{"i":{"x":[0.833],"y":[0.953]},"o":{"x":[0.167],"y":[-0.076]},"t":124,"s":[-1.279]},{"i":{"x":[0.833],"y":[0.92]},"o":{"x":[0.167],"y":[-0.17]},"t":152,"s":[0.458]},{"i":{"x":[0.833],"y":[-3.946]},"o":{"x":[0.167],"y":[-0.172]},"t":188,"s":[-0.158]},{"i":{"x":[0.833],"y":[1.034]},"o":{"x":[0.167],"y":[0.039]},"t":208,"s":[0]},{"i":{"x":[0.833],"y":[0.788]},"o":{"x":[0.167],"y":[0.056]},"t":214,"s":[5.953]},{"i":{"x":[0.833],"y":[0.886]},"o":{"x":[0.167],"y":[0.057]},"t":232,"s":[-4.863]},{"i":{"x":[0.833],"y":[1.158]},"o":{"x":[0.167],"y":[0.311]},"t":234,"s":[-9.357]},{"i":{"x":[0.833],"y":[0.9]},"o":{"x":[0.167],"y":[0.118]},"t":236,"s":[-11]},{"i":{"x":[0.833],"y":[0.93]},"o":{"x":[0.167],"y":[0.379]},"t":246,"s":[0]},{"i":{"x":[0.833],"y":[0.799]},"o":{"x":[0.167],"y":[-0.154]},"t":258,"s":[3.476]},{"i":{"x":[0.833],"y":[0.963]},"o":{"x":[0.167],"y":[0.157]},"t":266,"s":[2.425]},{"i":{"x":[0.833],"y":[0.947]},"o":{"x":[0.167],"y":[-0.107]},"t":288,"s":[-1.279]},{"i":{"x":[0.833],"y":[0.998]},"o":{"x":[0.167],"y":[-0.143]},"t":318,"s":[0.47]},{"i":{"x":[0.833],"y":[0.833]},"o":{"x":[0.167],"y":[-0.445]},"t":348,"s":[-0.173]},{"t":2107,"s":[0]}],"ix":10},"p":{"s":true,"x":{"a":0,"k":667.5,"ix":3},"y":{"a":1,"k":[{"i":{"x":[0.746],"y":[0.847]},"o":{"x":[0.853],"y":[-0.707]},"t":41,"s":[820]},{"i":{"x":[0.667],"y":[1]},"o":{"x":[0.395],"y":[-0.277]},"t":59,"s":[780]},{"i":{"x":[0.748],"y":[1]},"o":{"x":[0.333],"y":[0]},"t":80,"s":[820]},{"i":{"x":[0.635],"y":[-0.016]},"o":{"x":[0.564],"y":[-1.095]},"t":220,"s":[820]},{"i":{"x":[0.667],"y":[1]},"o":{"x":[0.321],"y":[-1.127]},"t":243,"s":[848.624]},{"t":272,"s":[820]}],"ix":4}},"a":{"a":0,"k":[-82.5,70,0],"ix":1},"s":{"a":0,"k":[100,100,100],"ix":6}},"ao":0,"shapes":[{"ty":"gr","it":[{"d":1,"ty":"el","s":{"a":0,"k":[30,30],"ix":2},"p":{"a":1,"k":[{"i":{"x":0.667,"y":1},"o":{"x":0.333,"y":0},"t":40,"s":[0,0],"to":[0,3.5],"ti":[0,-3.5]},{"i":{"x":0.667,"y":0.667},"o":{"x":0.333,"y":0.333},"t":74,"s":[0,21],"to":[0,0],"ti":[0,0]},{"i":{"x":0.667,"y":1},"o":{"x":0.333,"y":0},"t":258,"s":[0,21],"to":[0,-3.5],"ti":[0,3.5]},{"t":288,"s":[0,0]}],"ix":3},"nm":"Ellipse Path 1","mn":"ADBE Vector Shape - Ellipse","hd":false},{"ty":"st","c":{"a":0,"k":[0.498039006252,0.498039006252,0.498039006252,1],"ix":3},"o":{"a":0,"k":100,"ix":4},"w":{"a":0,"k":5,"ix":5},"lc":2,"lj":1,"ml":4,"bm":0,"nm":"Stroke 1","mn":"ADBE Vector Graphic - Stroke","hd":false},{"ty":"fl","c":{"a":0,"k":[0.992156922583,0.882353001015,0.509803921569,1],"ix":4},"o":{"a":0,"k":100,"ix":5},"r":1,"bm":0,"nm":"Fill 1","mn":"ADBE Vector Graphic - Fill","hd":false},{"ty":"tr","p":{"a":0,"k":[118,-17.25],"ix":2},"a":{"a":0,"k":[0,0],"ix":1},"s":{"a":0,"k":[100,100],"ix":3},"r":{"a":0,"k":274,"ix":6},"o":{"a":0,"k":100,"ix":7},"sk":{"a":0,"k":0,"ix":4},"sa":{"a":0,"k":0,"ix":5},"nm":"Transform"}],"nm":"Ellipse 1","np":3,"cix":2,"bm":0,"ix":1,"mn":"ADBE Vector Group","hd":false},{"ty":"gr","it":[{"ind":0,"ty":"sh","ix":1,"ks":{"a":1,"k":[{"i":{"x":0.667,"y":1},"o":{"x":0.333,"y":0},"t":40,"s":[{"i":[[7.5,0],[0,0],[0,-7.75],[0,0],[-4.75,0],[0,0],[0,4.75],[0,0]],"o":[[-7.5,0],[0,0],[0,7.75],[0,0],[4.75,0],[0,0],[0,-4.75],[0,0]],"v":[[148,-42.75],[94.75,-42.75],[87.75,-36.25],[87.25,5.75],[93.25,9.75],[154.75,9.25],[158.75,4],[158.75,-39.25]],"c":true}]},{"i":{"x":0.667,"y":1},"o":{"x":0.333,"y":0},"t":74,"s":[{"i":[[7.5,0],[0,0],[0,-7.75],[0,0],[-4.75,0],[0,0],[0,4.75],[0,0]],"o":[[-7.5,0],[0,0],[0,7.75],[0,0],[4.75,0],[0,0],[0,-4.75],[0,0]],"v":[[148,-42.75],[126.845,-43.115],[119.845,-36.615],[119.345,5.385],[125.345,9.385],[154.75,9.25],[158.75,4],[158.75,-39.25]],"c":true}]},{"i":{"x":0.667,"y":1},"o":{"x":0.333,"y":0},"t":258,"s":[{"i":[[7.5,0],[0,0],[0,-7.75],[0,0],[-4.75,0],[0,0],[0,4.75],[0,0]],"o":[[-7.5,0],[0,0],[0,7.75],[0,0],[4.75,0],[0,0],[0,-4.75],[0,0]],"v":[[148,-42.75],[126.845,-43.115],[119.845,-36.615],[119.345,5.385],[125.345,9.385],[154.75,9.25],[158.75,4],[158.75,-39.25]],"c":true}]},{"t":288,"s":[{"i":[[7.5,0],[0,0],[0,-7.75],[0,0],[-4.75,0],[0,0],[0,4.75],[0,0]],"o":[[-7.5,0],[0,0],[0,7.75],[0,0],[4.75,0],[0,0],[0,-4.75],[0,0]],"v":[[148,-42.75],[94.75,-42.75],[87.75,-36.25],[87.25,5.75],[93.25,9.75],[154.75,9.25],[158.75,4],[158.75,-39.25]],"c":true}]}],"ix":2},"nm":"Path 1","mn":"ADBE Vector Shape - Group","hd":false},{"ty":"st","c":{"a":0,"k":[0.498039006252,0.498039006252,0.498039006252,1],"ix":3},"o":{"a":0,"k":100,"ix":4},"w":{"a":0,"k":4,"ix":5},"lc":2,"lj":1,"ml":4,"bm":0,"nm":"Stroke 1","mn":"ADBE Vector Graphic - Stroke","hd":false},{"ty":"fl","c":{"a":0,"k":[0.807843197093,0.619607843137,0.501960784314,1],"ix":4},"o":{"a":0,"k":100,"ix":5},"r":1,"bm":0,"nm":"Fill 1","mn":"ADBE Vector Graphic - Fill","hd":false},{"ty":"tr","p":{"a":0,"k":[0,0],"ix":2},"a":{"a":0,"k":[0,0],"ix":1},"s":{"a":0,"k":[100,100],"ix":3},"r":{"a":0,"k":0,"ix":6},"o":{"a":0,"k":100,"ix":7},"sk":{"a":0,"k":0,"ix":4},"sa":{"a":0,"k":0,"ix":5},"nm":"Transform"}],"nm":"Shape 2","np":3,"cix":2,"bm":0,"ix":2,"mn":"ADBE Vector Group","hd":false}],"ip":0,"op":2108,"st":0,"bm":0},{"ddd":0,"ind":2,"ty":4,"nm":"Shape Layer 3","parent":5,"sr":1,"ks":{"o":{"a":0,"k":100,"ix":11},"r":{"a":0,"k":-0.038,"ix":10},"p":{"a":0,"k":[6.969,23.422,0],"ix":2},"a":{"a":0,"k":[34.5,-84.5,0],"ix":1},"s":{"a":0,"k":[128,100,100],"ix":6}},"ao":0,"shapes":[{"ty":"gr","it":[{"ty":"st","c":{"a":0,"k":[0.564705882353,0.299166989794,0.177162634158,1],"ix":3},"o":{"a":0,"k":100,"ix":4},"w":{"a":0,"k":1,"ix":5},"lc":2,"lj":2,"bm":0,"nm":"Stroke 1","mn":"ADBE Vector Graphic - Stroke","hd":false},{"ty":"tr","p":{"a":0,"k":[0,0],"ix":2},"a":{"a":0,"k":[0,0],"ix":1},"s":{"a":0,"k":[100,100],"ix":3},"r":{"a":0,"k":0,"ix":6},"o":{"a":0,"k":100,"ix":7},"sk":{"a":0,"k":0,"ix":4},"sa":{"a":0,"k":0,"ix":5},"nm":"Transform"}],"nm":"Shape 8","np":2,"cix":2,"bm":0,"ix":1,"mn":"ADBE Vector Group","hd":false},{"ty":"gr","it":[{"ind":0,"ty":"sh","ix":1,"ks":{"a":0,"k":{"i":[[0,0],[0,0]],"o":[[0,0],[0,0]],"v":[[-72.75,-72.5],[134.75,-71.375]],"c":false},"ix":2},"nm":"Path 1","mn":"ADBE Vector Shape - Group","hd":false},{"ty":"st","c":{"a":0,"k":[0.564705882353,0.299166989794,0.177162634158,1],"ix":3},"o":{"a":0,"k":100,"ix":4},"w":{"a":0,"k":1,"ix":5},"lc":2,"lj":2,"bm":0,"nm":"Stroke 1","mn":"ADBE Vector Graphic - Stroke","hd":false},{"ty":"tr","p":{"a":0,"k":[0,0],"ix":2},"a":{"a":0,"k":[0,0],"ix":1},"s":{"a":0,"k":[100,100],"ix":3},"r":{"a":0,"k":0,"ix":6},"o":{"a":0,"k":100,"ix":7},"sk":{"a":0,"k":0,"ix":4},"sa":{"a":0,"k":0,"ix":5},"nm":"Transform"}],"nm":"Shape 4","np":3,"cix":2,"bm":0,"ix":2,"mn":"ADBE Vector Group","hd":false},{"ty":"gr","it":[{"ind":0,"ty":"sh","ix":1,"ks":{"a":0,"k":{"i":[[0,0],[0,0]],"o":[[0,0],[0,0]],"v":[[-72.75,-59.25],[134.5,-58.5]],"c":false},"ix":2},"nm":"Path 1","mn":"ADBE Vector Shape - Group","hd":false},{"ty":"st","c":{"a":0,"k":[0.564705882353,0.299166989794,0.177162634158,1],"ix":3},"o":{"a":0,"k":100,"ix":4},"w":{"a":0,"k":1,"ix":5},"lc":2,"lj":2,"bm":0,"nm":"Stroke 1","mn":"ADBE Vector Graphic - Stroke","hd":false},{"ty":"tr","p":{"a":0,"k":[0,0],"ix":2},"a":{"a":0,"k":[0,0],"ix":1},"s":{"a":0,"k":[100,100],"ix":3},"r":{"a":0,"k":0,"ix":6},"o":{"a":0,"k":100,"ix":7},"sk":{"a":0,"k":0,"ix":4},"sa":{"a":0,"k":0,"ix":5},"nm":"Transform"}],"nm":"Shape 7","np":3,"cix":2,"bm":0,"ix":3,"mn":"ADBE Vector Group","hd":false},{"ty":"gr","it":[{"ind":0,"ty":"sh","ix":1,"ks":{"a":0,"k":{"i":[[0,0],[0,0]],"o":[[0,0],[0,0]],"v":[[-72.75,-66.5],[134.5,-64.5]],"c":false},"ix":2},"nm":"Path 1","mn":"ADBE Vector Shape - Group","hd":false},{"ty":"st","c":{"a":0,"k":[0.564705882353,0.299166989794,0.177162634158,1],"ix":3},"o":{"a":0,"k":100,"ix":4},"w":{"a":0,"k":1,"ix":5},"lc":2,"lj":2,"bm":0,"nm":"Stroke 1","mn":"ADBE Vector Graphic - Stroke","hd":false},{"ty":"tr","p":{"a":0,"k":[0,0],"ix":2},"a":{"a":0,"k":[0,0],"ix":1},"s":{"a":0,"k":[100,100],"ix":3},"r":{"a":0,"k":0,"ix":6},"o":{"a":0,"k":100,"ix":7},"sk":{"a":0,"k":0,"ix":4},"sa":{"a":0,"k":0,"ix":5},"nm":"Transform"}],"nm":"Shape 3","np":3,"cix":2,"bm":0,"ix":4,"mn":"ADBE Vector Group","hd":false},{"ty":"gr","it":[{"ty":"st","c":{"a":0,"k":[0.564705882353,0.299166989794,0.177162634158,1],"ix":3},"o":{"a":0,"k":100,"ix":4},"w":{"a":0,"k":1,"ix":5},"lc":2,"lj":2,"bm":0,"nm":"Stroke 1","mn":"ADBE Vector Graphic - Stroke","hd":false},{"ty":"tr","p":{"a":0,"k":[0,0],"ix":2},"a":{"a":0,"k":[0,0],"ix":1},"s":{"a":0,"k":[100,100],"ix":3},"r":{"a":0,"k":0,"ix":6},"o":{"a":0,"k":100,"ix":7},"sk":{"a":0,"k":0,"ix":4},"sa":{"a":0,"k":0,"ix":5},"nm":"Transform"}],"nm":"Shape 6","np":2,"cix":2,"bm":0,"ix":5,"mn":"ADBE Vector Group","hd":false},{"ty":"gr","it":[{"ind":0,"ty":"sh","ix":1,"ks":{"a":0,"k":{"i":[[0,0],[0,0]],"o":[[0,0],[0,0]],"v":[[-72.813,-79],[134.625,-78.375]],"c":false},"ix":2},"nm":"Path 1","mn":"ADBE Vector Shape - Group","hd":false},{"ty":"st","c":{"a":0,"k":[0.564705882353,0.299166989794,0.177162634158,1],"ix":3},"o":{"a":0,"k":100,"ix":4},"w":{"a":0,"k":1,"ix":5},"lc":2,"lj":2,"bm":0,"nm":"Stroke 1","mn":"ADBE Vector Graphic - Stroke","hd":false},{"ty":"tr","p":{"a":0,"k":[0,0],"ix":2},"a":{"a":0,"k":[0,0],"ix":1},"s":{"a":0,"k":[100,100],"ix":3},"r":{"a":0,"k":0,"ix":6},"o":{"a":0,"k":100,"ix":7},"sk":{"a":0,"k":0,"ix":4},"sa":{"a":0,"k":0,"ix":5},"nm":"Transform"}],"nm":"Shape 2","np":3,"cix":2,"bm":0,"ix":6,"mn":"ADBE Vector Group","hd":false},{"ty":"gr","it":[{"ty":"st","c":{"a":0,"k":[0.564705882353,0.299166989794,0.177162634158,1],"ix":3},"o":{"a":0,"k":100,"ix":4},"w":{"a":0,"k":1,"ix":5},"lc":2,"lj":2,"bm":0,"nm":"Stroke 1","mn":"ADBE Vector Graphic - Stroke","hd":false},{"ty":"tr","p":{"a":0,"k":[0,0],"ix":2},"a":{"a":0,"k":[0,0],"ix":1},"s":{"a":0,"k":[100,100],"ix":3},"r":{"a":0,"k":0,"ix":6},"o":{"a":0,"k":100,"ix":7},"sk":{"a":0,"k":0,"ix":4},"sa":{"a":0,"k":0,"ix":5},"nm":"Transform"}],"nm":"Shape 5","np":2,"cix":2,"bm":0,"ix":7,"mn":"ADBE Vector Group","hd":false},{"ty":"gr","it":[{"ind":0,"ty":"sh","ix":1,"ks":{"a":0,"k":{"i":[[0,0],[0,0]],"o":[[0,0],[0,0]],"v":[[-72.75,-84.5],[134.5,-84.5]],"c":false},"ix":2},"nm":"Path 1","mn":"ADBE Vector Shape - Group","hd":false},{"ty":"st","c":{"a":0,"k":[0.564705882353,0.299166989794,0.177162634158,1],"ix":3},"o":{"a":0,"k":100,"ix":4},"w":{"a":0,"k":1,"ix":5},"lc":2,"lj":2,"bm":0,"nm":"Stroke 1","mn":"ADBE Vector Graphic - Stroke","hd":false},{"ty":"tr","p":{"a":0,"k":[0,0],"ix":2},"a":{"a":0,"k":[0,0],"ix":1},"s":{"a":0,"k":[100,100],"ix":3},"r":{"a":0,"k":0,"ix":6},"o":{"a":0,"k":100,"ix":7},"sk":{"a":0,"k":0,"ix":4},"sa":{"a":0,"k":0,"ix":5},"nm":"Transform"}],"nm":"Shape 1","np":3,"cix":2,"bm":0,"ix":8,"mn":"ADBE Vector Group","hd":false}],"ip":0,"op":2108,"st":0,"bm":0},{"ddd":0,"ind":3,"ty":4,"nm":"Shape Layer 2","parent":5,"sr":1,"ks":{"o":{"a":0,"k":100,"ix":11},"r":{"a":0,"k":-0.038,"ix":10},"p":{"a":0,"k":[6.934,-29.578,0],"ix":2},"a":{"a":0,"k":[34.5,-84.5,0],"ix":1},"s":{"a":0,"k":[127,100,100],"ix":6}},"ao":0,"shapes":[{"ty":"gr","it":[{"ind":0,"ty":"sh","ix":1,"ks":{"a":0,"k":{"i":[[0,0],[0,0]],"o":[[0,0],[0,0]],"v":[[-72.75,-52.5],[134.75,-52.125]],"c":false},"ix":2},"nm":"Path 1","mn":"ADBE Vector Shape - Group","hd":false},{"ty":"st","c":{"a":0,"k":[0.564705882353,0.299166989794,0.177162634158,1],"ix":3},"o":{"a":0,"k":100,"ix":4},"w":{"a":0,"k":1,"ix":5},"lc":2,"lj":2,"bm":0,"nm":"Stroke 1","mn":"ADBE Vector Graphic - Stroke","hd":false},{"ty":"tr","p":{"a":0,"k":[0,0],"ix":2},"a":{"a":0,"k":[0,0],"ix":1},"s":{"a":0,"k":[100,100],"ix":3},"r":{"a":0,"k":0,"ix":6},"o":{"a":0,"k":100,"ix":7},"sk":{"a":0,"k":0,"ix":4},"sa":{"a":0,"k":0,"ix":5},"nm":"Transform"}],"nm":"Shape 8","np":3,"cix":2,"bm":0,"ix":1,"mn":"ADBE Vector Group","hd":false},{"ty":"gr","it":[{"ind":0,"ty":"sh","ix":1,"ks":{"a":0,"k":{"i":[[0,0],[0,0]],"o":[[0,0],[0,0]],"v":[[-72.75,-72.5],[134.75,-71.375]],"c":false},"ix":2},"nm":"Path 1","mn":"ADBE Vector Shape - Group","hd":false},{"ty":"st","c":{"a":0,"k":[0.564705882353,0.299166989794,0.177162634158,1],"ix":3},"o":{"a":0,"k":100,"ix":4},"w":{"a":0,"k":1,"ix":5},"lc":2,"lj":2,"bm":0,"nm":"Stroke 1","mn":"ADBE Vector Graphic - Stroke","hd":false},{"ty":"tr","p":{"a":0,"k":[0,0],"ix":2},"a":{"a":0,"k":[0,0],"ix":1},"s":{"a":0,"k":[100,100],"ix":3},"r":{"a":0,"k":0,"ix":6},"o":{"a":0,"k":100,"ix":7},"sk":{"a":0,"k":0,"ix":4},"sa":{"a":0,"k":0,"ix":5},"nm":"Transform"}],"nm":"Shape 4","np":3,"cix":2,"bm":0,"ix":2,"mn":"ADBE Vector Group","hd":false},{"ty":"gr","it":[{"ind":0,"ty":"sh","ix":1,"ks":{"a":0,"k":{"i":[[0,0],[0,0]],"o":[[0,0],[0,0]],"v":[[-72.75,-59.25],[134.5,-58.5]],"c":false},"ix":2},"nm":"Path 1","mn":"ADBE Vector Shape - Group","hd":false},{"ty":"st","c":{"a":0,"k":[0.564705882353,0.299166989794,0.177162634158,1],"ix":3},"o":{"a":0,"k":100,"ix":4},"w":{"a":0,"k":1,"ix":5},"lc":2,"lj":2,"bm":0,"nm":"Stroke 1","mn":"ADBE Vector Graphic - Stroke","hd":false},{"ty":"tr","p":{"a":0,"k":[0,0],"ix":2},"a":{"a":0,"k":[0,0],"ix":1},"s":{"a":0,"k":[100,100],"ix":3},"r":{"a":0,"k":0,"ix":6},"o":{"a":0,"k":100,"ix":7},"sk":{"a":0,"k":0,"ix":4},"sa":{"a":0,"k":0,"ix":5},"nm":"Transform"}],"nm":"Shape 7","np":3,"cix":2,"bm":0,"ix":3,"mn":"ADBE Vector Group","hd":false},{"ty":"gr","it":[{"ind":0,"ty":"sh","ix":1,"ks":{"a":0,"k":{"i":[[0,0],[0,0]],"o":[[0,0],[0,0]],"v":[[-72.75,-66.5],[134.5,-64.5]],"c":false},"ix":2},"nm":"Path 1","mn":"ADBE Vector Shape - Group","hd":false},{"ty":"st","c":{"a":0,"k":[0.564705882353,0.299166989794,0.177162634158,1],"ix":3},"o":{"a":0,"k":100,"ix":4},"w":{"a":0,"k":1,"ix":5},"lc":2,"lj":2,"bm":0,"nm":"Stroke 1","mn":"ADBE Vector Graphic - Stroke","hd":false},{"ty":"tr","p":{"a":0,"k":[0,0],"ix":2},"a":{"a":0,"k":[0,0],"ix":1},"s":{"a":0,"k":[100,100],"ix":3},"r":{"a":0,"k":0,"ix":6},"o":{"a":0,"k":100,"ix":7},"sk":{"a":0,"k":0,"ix":4},"sa":{"a":0,"k":0,"ix":5},"nm":"Transform"}],"nm":"Shape 3","np":3,"cix":2,"bm":0,"ix":4,"mn":"ADBE Vector Group","hd":false},{"ty":"gr","it":[{"ind":0,"ty":"sh","ix":1,"ks":{"a":0,"k":{"i":[[0,0],[0,0]],"o":[[0,0],[0,0]],"v":[[-72.875,-45.5],[134.5,-44.875]],"c":false},"ix":2},"nm":"Path 1","mn":"ADBE Vector Shape - Group","hd":false},{"ty":"st","c":{"a":0,"k":[0.564705882353,0.299166989794,0.177162634158,1],"ix":3},"o":{"a":0,"k":100,"ix":4},"w":{"a":0,"k":1,"ix":5},"lc":2,"lj":2,"bm":0,"nm":"Stroke 1","mn":"ADBE Vector Graphic - Stroke","hd":false},{"ty":"tr","p":{"a":0,"k":[0,0],"ix":2},"a":{"a":0,"k":[0,0],"ix":1},"s":{"a":0,"k":[100,100],"ix":3},"r":{"a":0,"k":0,"ix":6},"o":{"a":0,"k":100,"ix":7},"sk":{"a":0,"k":0,"ix":4},"sa":{"a":0,"k":0,"ix":5},"nm":"Transform"}],"nm":"Shape 6","np":3,"cix":2,"bm":0,"ix":5,"mn":"ADBE Vector Group","hd":false},{"ty":"gr","it":[{"ind":0,"ty":"sh","ix":1,"ks":{"a":0,"k":{"i":[[0,0],[0,0]],"o":[[0,0],[0,0]],"v":[[-72.813,-79],[134.625,-78.375]],"c":false},"ix":2},"nm":"Path 1","mn":"ADBE Vector Shape - Group","hd":false},{"ty":"st","c":{"a":0,"k":[0.564705882353,0.299166989794,0.177162634158,1],"ix":3},"o":{"a":0,"k":100,"ix":4},"w":{"a":0,"k":1,"ix":5},"lc":2,"lj":2,"bm":0,"nm":"Stroke 1","mn":"ADBE Vector Graphic - Stroke","hd":false},{"ty":"tr","p":{"a":0,"k":[0,0],"ix":2},"a":{"a":0,"k":[0,0],"ix":1},"s":{"a":0,"k":[100,100],"ix":3},"r":{"a":0,"k":0,"ix":6},"o":{"a":0,"k":100,"ix":7},"sk":{"a":0,"k":0,"ix":4},"sa":{"a":0,"k":0,"ix":5},"nm":"Transform"}],"nm":"Shape 2","np":3,"cix":2,"bm":0,"ix":6,"mn":"ADBE Vector Group","hd":false},{"ty":"gr","it":[{"ind":0,"ty":"sh","ix":1,"ks":{"a":0,"k":{"i":[[0,0],[0,0]],"o":[[0,0],[0,0]],"v":[[-73,-37.5],[134.5,-37]],"c":false},"ix":2},"nm":"Path 1","mn":"ADBE Vector Shape - Group","hd":false},{"ty":"st","c":{"a":0,"k":[0.564705882353,0.299166989794,0.177162634158,1],"ix":3},"o":{"a":0,"k":100,"ix":4},"w":{"a":0,"k":1,"ix":5},"lc":2,"lj":2,"bm":0,"nm":"Stroke 1","mn":"ADBE Vector Graphic - Stroke","hd":false},{"ty":"tr","p":{"a":0,"k":[0,0],"ix":2},"a":{"a":0,"k":[0,0],"ix":1},"s":{"a":0,"k":[100,100],"ix":3},"r":{"a":0,"k":0,"ix":6},"o":{"a":0,"k":100,"ix":7},"sk":{"a":0,"k":0,"ix":4},"sa":{"a":0,"k":0,"ix":5},"nm":"Transform"}],"nm":"Shape 5","np":3,"cix":2,"bm":0,"ix":7,"mn":"ADBE Vector Group","hd":false},{"ty":"gr","it":[{"ind":0,"ty":"sh","ix":1,"ks":{"a":0,"k":{"i":[[0,0],[0,0]],"o":[[0,0],[0,0]],"v":[[-72.75,-84.5],[134.5,-84.5]],"c":false},"ix":2},"nm":"Path 1","mn":"ADBE Vector Shape - Group","hd":false},{"ty":"st","c":{"a":0,"k":[0.564705882353,0.299166989794,0.177162634158,1],"ix":3},"o":{"a":0,"k":100,"ix":4},"w":{"a":0,"k":1,"ix":5},"lc":2,"lj":2,"bm":0,"nm":"Stroke 1","mn":"ADBE Vector Graphic - Stroke","hd":false},{"ty":"tr","p":{"a":0,"k":[0,0],"ix":2},"a":{"a":0,"k":[0,0],"ix":1},"s":{"a":0,"k":[100,100],"ix":3},"r":{"a":0,"k":0,"ix":6},"o":{"a":0,"k":100,"ix":7},"sk":{"a":0,"k":0,"ix":4},"sa":{"a":0,"k":0,"ix":5},"nm":"Transform"}],"nm":"Shape 1","np":3,"cix":2,"bm":0,"ix":8,"mn":"ADBE Vector Group","hd":false}],"ip":0,"op":2108,"st":0,"bm":0},{"ddd":0,"ind":4,"ty":4,"nm":"Shape Layer 1","parent":5,"sr":1,"ks":{"o":{"a":0,"k":100,"ix":11},"r":{"a":0,"k":-0.038,"ix":10},"p":{"a":0,"k":[6.899,-82.078,0],"ix":2},"a":{"a":0,"k":[34.5,-84.5,0],"ix":1},"s":{"a":0,"k":[127,100,100],"ix":6}},"ao":0,"shapes":[{"ty":"gr","it":[{"ind":0,"ty":"sh","ix":1,"ks":{"a":0,"k":{"i":[[0,0],[0,0]],"o":[[0,0],[0,0]],"v":[[-72.75,-52.5],[134.75,-52.125]],"c":false},"ix":2},"nm":"Path 1","mn":"ADBE Vector Shape - Group","hd":false},{"ty":"st","c":{"a":0,"k":[0.564705882353,0.299166989794,0.177162634158,1],"ix":3},"o":{"a":0,"k":100,"ix":4},"w":{"a":0,"k":1,"ix":5},"lc":2,"lj":2,"bm":0,"nm":"Stroke 1","mn":"ADBE Vector Graphic - Stroke","hd":false},{"ty":"tr","p":{"a":0,"k":[0,0],"ix":2},"a":{"a":0,"k":[0,0],"ix":1},"s":{"a":0,"k":[100,100],"ix":3},"r":{"a":0,"k":0,"ix":6},"o":{"a":0,"k":100,"ix":7},"sk":{"a":0,"k":0,"ix":4},"sa":{"a":0,"k":0,"ix":5},"nm":"Transform"}],"nm":"Shape 8","np":3,"cix":2,"bm":0,"ix":1,"mn":"ADBE Vector Group","hd":false},{"ty":"gr","it":[{"ind":0,"ty":"sh","ix":1,"ks":{"a":0,"k":{"i":[[0,0],[0,0]],"o":[[0,0],[0,0]],"v":[[-72.75,-72.5],[134.75,-71.375]],"c":false},"ix":2},"nm":"Path 1","mn":"ADBE Vector Shape - Group","hd":false},{"ty":"st","c":{"a":0,"k":[0.564705882353,0.299166989794,0.177162634158,1],"ix":3},"o":{"a":0,"k":100,"ix":4},"w":{"a":0,"k":1,"ix":5},"lc":2,"lj":2,"bm":0,"nm":"Stroke 1","mn":"ADBE Vector Graphic - Stroke","hd":false},{"ty":"tr","p":{"a":0,"k":[0,0],"ix":2},"a":{"a":0,"k":[0,0],"ix":1},"s":{"a":0,"k":[100,100],"ix":3},"r":{"a":0,"k":0,"ix":6},"o":{"a":0,"k":100,"ix":7},"sk":{"a":0,"k":0,"ix":4},"sa":{"a":0,"k":0,"ix":5},"nm":"Transform"}],"nm":"Shape 4","np":3,"cix":2,"bm":0,"ix":2,"mn":"ADBE Vector Group","hd":false},{"ty":"gr","it":[{"ind":0,"ty":"sh","ix":1,"ks":{"a":0,"k":{"i":[[0,0],[0,0]],"o":[[0,0],[0,0]],"v":[[-72.75,-59.25],[134.5,-58.5]],"c":false},"ix":2},"nm":"Path 1","mn":"ADBE Vector Shape - Group","hd":false},{"ty":"st","c":{"a":0,"k":[0.564705882353,0.299166989794,0.177162634158,1],"ix":3},"o":{"a":0,"k":100,"ix":4},"w":{"a":0,"k":1,"ix":5},"lc":2,"lj":2,"bm":0,"nm":"Stroke 1","mn":"ADBE Vector Graphic - Stroke","hd":false},{"ty":"tr","p":{"a":0,"k":[0,0],"ix":2},"a":{"a":0,"k":[0,0],"ix":1},"s":{"a":0,"k":[100,100],"ix":3},"r":{"a":0,"k":0,"ix":6},"o":{"a":0,"k":100,"ix":7},"sk":{"a":0,"k":0,"ix":4},"sa":{"a":0,"k":0,"ix":5},"nm":"Transform"}],"nm":"Shape 7","np":3,"cix":2,"bm":0,"ix":3,"mn":"ADBE Vector Group","hd":false},{"ty":"gr","it":[{"ind":0,"ty":"sh","ix":1,"ks":{"a":0,"k":{"i":[[0,0],[0,0]],"o":[[0,0],[0,0]],"v":[[-72.75,-66.5],[134.5,-64.5]],"c":false},"ix":2},"nm":"Path 1","mn":"ADBE Vector Shape - Group","hd":false},{"ty":"st","c":{"a":0,"k":[0.564705882353,0.299166989794,0.177162634158,1],"ix":3},"o":{"a":0,"k":100,"ix":4},"w":{"a":0,"k":1,"ix":5},"lc":2,"lj":2,"bm":0,"nm":"Stroke 1","mn":"ADBE Vector Graphic - Stroke","hd":false},{"ty":"tr","p":{"a":0,"k":[0,0],"ix":2},"a":{"a":0,"k":[0,0],"ix":1},"s":{"a":0,"k":[100,100],"ix":3},"r":{"a":0,"k":0,"ix":6},"o":{"a":0,"k":100,"ix":7},"sk":{"a":0,"k":0,"ix":4},"sa":{"a":0,"k":0,"ix":5},"nm":"Transform"}],"nm":"Shape 3","np":3,"cix":2,"bm":0,"ix":4,"mn":"ADBE Vector Group","hd":false},{"ty":"gr","it":[{"ind":0,"ty":"sh","ix":1,"ks":{"a":0,"k":{"i":[[0,0],[0,0]],"o":[[0,0],[0,0]],"v":[[-72.875,-45.5],[134.5,-44.875]],"c":false},"ix":2},"nm":"Path 1","mn":"ADBE Vector Shape - Group","hd":false},{"ty":"st","c":{"a":0,"k":[0.564705882353,0.299166989794,0.177162634158,1],"ix":3},"o":{"a":0,"k":100,"ix":4},"w":{"a":0,"k":1,"ix":5},"lc":2,"lj":2,"bm":0,"nm":"Stroke 1","mn":"ADBE Vector Graphic - Stroke","hd":false},{"ty":"tr","p":{"a":0,"k":[0,0],"ix":2},"a":{"a":0,"k":[0,0],"ix":1},"s":{"a":0,"k":[100,100],"ix":3},"r":{"a":0,"k":0,"ix":6},"o":{"a":0,"k":100,"ix":7},"sk":{"a":0,"k":0,"ix":4},"sa":{"a":0,"k":0,"ix":5},"nm":"Transform"}],"nm":"Shape 6","np":3,"cix":2,"bm":0,"ix":5,"mn":"ADBE Vector Group","hd":false},{"ty":"gr","it":[{"ind":0,"ty":"sh","ix":1,"ks":{"a":0,"k":{"i":[[0,0],[0,0]],"o":[[0,0],[0,0]],"v":[[-72.813,-79],[134.625,-78.375]],"c":false},"ix":2},"nm":"Path 1","mn":"ADBE Vector Shape - Group","hd":false},{"ty":"st","c":{"a":0,"k":[0.564705882353,0.299166989794,0.177162634158,1],"ix":3},"o":{"a":0,"k":100,"ix":4},"w":{"a":0,"k":1,"ix":5},"lc":2,"lj":2,"bm":0,"nm":"Stroke 1","mn":"ADBE Vector Graphic - Stroke","hd":false},{"ty":"tr","p":{"a":0,"k":[0,0],"ix":2},"a":{"a":0,"k":[0,0],"ix":1},"s":{"a":0,"k":[100,100],"ix":3},"r":{"a":0,"k":0,"ix":6},"o":{"a":0,"k":100,"ix":7},"sk":{"a":0,"k":0,"ix":4},"sa":{"a":0,"k":0,"ix":5},"nm":"Transform"}],"nm":"Shape 2","np":3,"cix":2,"bm":0,"ix":6,"mn":"ADBE Vector Group","hd":false},{"ty":"gr","it":[{"ind":0,"ty":"sh","ix":1,"ks":{"a":0,"k":{"i":[[0,0],[0,0]],"o":[[0,0],[0,0]],"v":[[-73,-37.5],[134.5,-37]],"c":false},"ix":2},"nm":"Path 1","mn":"ADBE Vector Shape - Group","hd":false},{"ty":"st","c":{"a":0,"k":[0.564705882353,0.299166989794,0.177162634158,1],"ix":3},"o":{"a":0,"k":100,"ix":4},"w":{"a":0,"k":1,"ix":5},"lc":2,"lj":2,"bm":0,"nm":"Stroke 1","mn":"ADBE Vector Graphic - Stroke","hd":false},{"ty":"tr","p":{"a":0,"k":[0,0],"ix":2},"a":{"a":0,"k":[0,0],"ix":1},"s":{"a":0,"k":[100,100],"ix":3},"r":{"a":0,"k":0,"ix":6},"o":{"a":0,"k":100,"ix":7},"sk":{"a":0,"k":0,"ix":4},"sa":{"a":0,"k":0,"ix":5},"nm":"Transform"}],"nm":"Shape 5","np":3,"cix":2,"bm":0,"ix":7,"mn":"ADBE Vector Group","hd":false},{"ty":"gr","it":[{"ind":0,"ty":"sh","ix":1,"ks":{"a":0,"k":{"i":[[0,0],[0,0]],"o":[[0,0],[0,0]],"v":[[-72.75,-84.5],[134.5,-84.5]],"c":false},"ix":2},"nm":"Path 1","mn":"ADBE Vector Shape - Group","hd":false},{"ty":"st","c":{"a":0,"k":[0.564705882353,0.299166989794,0.177162634158,1],"ix":3},"o":{"a":0,"k":100,"ix":4},"w":{"a":0,"k":1,"ix":5},"lc":2,"lj":2,"bm":0,"nm":"Stroke 1","mn":"ADBE Vector Graphic - Stroke","hd":false},{"ty":"tr","p":{"a":0,"k":[0,0],"ix":2},"a":{"a":0,"k":[0,0],"ix":1},"s":{"a":0,"k":[100,100],"ix":3},"r":{"a":0,"k":0,"ix":6},"o":{"a":0,"k":100,"ix":7},"sk":{"a":0,"k":0,"ix":4},"sa":{"a":0,"k":0,"ix":5},"nm":"Transform"}],"nm":"Shape 1","np":3,"cix":2,"bm":0,"ix":8,"mn":"ADBE Vector Group","hd":false}],"ip":0,"op":2108,"st":0,"bm":0},{"ddd":0,"ind":5,"ty":4,"nm":"Wallet","sr":1,"ks":{"o":{"a":0,"k":100,"ix":11},"r":{"a":1,"k":[{"i":{"x":[0.833],"y":[0.413]},"o":{"x":[0.167],"y":[0]},"t":0,"s":[0]},{"i":{"x":[0.833],"y":[0.883]},"o":{"x":[0.167],"y":[0.028]},"t":40,"s":[0]},{"i":{"x":[0.833],"y":[1.352]},"o":{"x":[0.167],"y":[0.288]},"t":48,"s":[4.229]},{"i":{"x":[0.833],"y":[0.798]},"o":{"x":[0.167],"y":[0.084]},"t":56,"s":[5.953]},{"i":{"x":[0.833],"y":[0.886]},"o":{"x":[0.167],"y":[0.081]},"t":68,"s":[-4.863]},{"i":{"x":[0.833],"y":[1.088]},"o":{"x":[0.167],"y":[0.311]},"t":70,"s":[-9.357]},{"i":{"x":[0.833],"y":[0.814]},"o":{"x":[0.167],"y":[0.077]},"t":72,"s":[-11]},{"i":{"x":[0.833],"y":[0.828]},"o":{"x":[0.167],"y":[0.142]},"t":77,"s":[-6.327]},{"i":{"x":[0.833],"y":[0.895]},"o":{"x":[0.167],"y":[0.16]},"t":80,"s":[-2.64]},{"i":{"x":[0.833],"y":[0.849]},"o":{"x":[0.167],"y":[0.273]},"t":82,"s":[0]},{"i":{"x":[0.833],"y":[1.031]},"o":{"x":[0.167],"y":[0.196]},"t":85,"s":[1.525]},{"i":{"x":[0.833],"y":[0.951]},"o":{"x":[0.167],"y":[0.124]},"t":87,"s":[2.308]},{"i":{"x":[0.833],"y":[0.953]},"o":{"x":[0.167],"y":[-0.076]},"t":124,"s":[-1.279]},{"i":{"x":[0.833],"y":[0.92]},"o":{"x":[0.167],"y":[-0.17]},"t":152,"s":[0.458]},{"i":{"x":[0.833],"y":[-3.946]},"o":{"x":[0.167],"y":[-0.172]},"t":188,"s":[-0.158]},{"i":{"x":[0.833],"y":[1.034]},"o":{"x":[0.167],"y":[0.039]},"t":208,"s":[0]},{"i":{"x":[0.833],"y":[0.788]},"o":{"x":[0.167],"y":[0.056]},"t":214,"s":[5.953]},{"i":{"x":[0.833],"y":[0.886]},"o":{"x":[0.167],"y":[0.057]},"t":232,"s":[-4.863]},{"i":{"x":[0.833],"y":[1.158]},"o":{"x":[0.167],"y":[0.311]},"t":234,"s":[-9.357]},{"i":{"x":[0.833],"y":[0.9]},"o":{"x":[0.167],"y":[0.118]},"t":236,"s":[-11]},{"i":{"x":[0.833],"y":[0.93]},"o":{"x":[0.167],"y":[0.379]},"t":246,"s":[0]},{"i":{"x":[0.833],"y":[0.799]},"o":{"x":[0.167],"y":[-0.154]},"t":258,"s":[3.476]},{"i":{"x":[0.833],"y":[0.963]},"o":{"x":[0.167],"y":[0.157]},"t":266,"s":[2.425]},{"i":{"x":[0.833],"y":[0.947]},"o":{"x":[0.167],"y":[-0.107]},"t":288,"s":[-1.279]},{"i":{"x":[0.833],"y":[0.998]},"o":{"x":[0.167],"y":[-0.143]},"t":318,"s":[0.47]},{"i":{"x":[0.833],"y":[0.833]},"o":{"x":[0.167],"y":[-0.445]},"t":348,"s":[-0.173]},{"t":2107,"s":[0]}],"ix":10},"p":{"s":true,"x":{"a":0,"k":667.5,"ix":3},"y":{"a":1,"k":[{"i":{"x":[0.746],"y":[0.847]},"o":{"x":[0.853],"y":[-0.707]},"t":41,"s":[820]},{"i":{"x":[0.667],"y":[1]},"o":{"x":[0.395],"y":[-0.277]},"t":59,"s":[780]},{"i":{"x":[0.748],"y":[1]},"o":{"x":[0.333],"y":[0]},"t":80,"s":[820]},{"i":{"x":[0.635],"y":[-0.016]},"o":{"x":[0.564],"y":[-1.095]},"t":220,"s":[820]},{"i":{"x":[0.667],"y":[1]},"o":{"x":[0.321],"y":[-1.127]},"t":243,"s":[848.624]},{"t":272,"s":[820]}],"ix":4}},"a":{"a":0,"k":[-82.5,70,0],"ix":1},"s":{"a":0,"k":[100,100,100],"ix":6}},"ao":0,"shapes":[{"ty":"gr","it":[{"d":1,"ty":"el","s":{"a":0,"k":[30,30],"ix":2},"p":{"a":1,"k":[{"i":{"x":0.667,"y":1},"o":{"x":0.333,"y":0},"t":40,"s":[0,0],"to":[0,3.5],"ti":[0,-3.5]},{"i":{"x":0.667,"y":0.667},"o":{"x":0.333,"y":0.333},"t":74,"s":[0,21],"to":[0,0],"ti":[0,0]},{"i":{"x":0.667,"y":1},"o":{"x":0.333,"y":0},"t":258,"s":[0,21],"to":[0,-3.5],"ti":[0,3.5]},{"t":288,"s":[0,0]}],"ix":3},"nm":"Ellipse Path 1","mn":"ADBE Vector Shape - Ellipse","hd":false},{"ty":"st","c":{"a":0,"k":[0.498039006252,0.498039006252,0.498039006252,1],"ix":3},"o":{"a":0,"k":100,"ix":4},"w":{"a":0,"k":5,"ix":5},"lc":2,"lj":1,"ml":4,"bm":0,"nm":"Stroke 1","mn":"ADBE Vector Graphic - Stroke","hd":false},{"ty":"fl","c":{"a":0,"k":[0.992156922583,0.882353001015,0.509803921569,1],"ix":4},"o":{"a":0,"k":100,"ix":5},"r":1,"bm":0,"nm":"Fill 1","mn":"ADBE Vector Graphic - Fill","hd":false},{"ty":"tr","p":{"a":0,"k":[118,-17.25],"ix":2},"a":{"a":0,"k":[0,0],"ix":1},"s":{"a":0,"k":[100,100],"ix":3},"r":{"a":0,"k":274,"ix":6},"o":{"a":0,"k":100,"ix":7},"sk":{"a":0,"k":0,"ix":4},"sa":{"a":0,"k":0,"ix":5},"nm":"Transform"}],"nm":"Ellipse 1","np":3,"cix":2,"bm":0,"ix":1,"mn":"ADBE Vector Group","hd":false},{"ty":"gr","it":[{"ind":0,"ty":"sh","ix":1,"ks":{"a":1,"k":[{"i":{"x":0.667,"y":1},"o":{"x":0.333,"y":0},"t":40,"s":[{"i":[[7.5,0],[0,0],[0,-7.75],[0,0],[-4.75,0],[0,0],[0,4.75],[0,0]],"o":[[-7.5,0],[0,0],[0,7.75],[0,0],[4.75,0],[0,0],[0,-4.75],[0,0]],"v":[[148,-42.75],[94.75,-42.75],[87.75,-36.25],[87.25,5.75],[93.25,9.75],[154.75,9.25],[158.75,4],[158.75,-39.25]],"c":true}]},{"i":{"x":0.667,"y":1},"o":{"x":0.333,"y":0},"t":74,"s":[{"i":[[7.5,0],[0,0],[0,-7.75],[0,0],[-4.75,0],[0,0],[0,4.75],[0,0]],"o":[[-7.5,0],[0,0],[0,7.75],[0,0],[4.75,0],[0,0],[0,-4.75],[0,0]],"v":[[148,-42.75],[126.845,-43.115],[119.845,-36.615],[119.345,5.385],[125.345,9.385],[154.75,9.25],[158.75,4],[158.75,-39.25]],"c":true}]},{"i":{"x":0.667,"y":1},"o":{"x":0.333,"y":0},"t":258,"s":[{"i":[[7.5,0],[0,0],[0,-7.75],[0,0],[-4.75,0],[0,0],[0,4.75],[0,0]],"o":[[-7.5,0],[0,0],[0,7.75],[0,0],[4.75,0],[0,0],[0,-4.75],[0,0]],"v":[[148,-42.75],[126.845,-43.115],[119.845,-36.615],[119.345,5.385],[125.345,9.385],[154.75,9.25],[158.75,4],[158.75,-39.25]],"c":true}]},{"t":288,"s":[{"i":[[7.5,0],[0,0],[0,-7.75],[0,0],[-4.75,0],[0,0],[0,4.75],[0,0]],"o":[[-7.5,0],[0,0],[0,7.75],[0,0],[4.75,0],[0,0],[0,-4.75],[0,0]],"v":[[148,-42.75],[94.75,-42.75],[87.75,-36.25],[87.25,5.75],[93.25,9.75],[154.75,9.25],[158.75,4],[158.75,-39.25]],"c":true}]}],"ix":2},"nm":"Path 1","mn":"ADBE Vector Shape - Group","hd":false},{"ty":"st","c":{"a":0,"k":[0.498039006252,0.498039006252,0.498039006252,1],"ix":3},"o":{"a":0,"k":100,"ix":4},"w":{"a":0,"k":4,"ix":5},"lc":2,"lj":1,"ml":4,"bm":0,"nm":"Stroke 1","mn":"ADBE Vector Graphic - Stroke","hd":false},{"ty":"fl","c":{"a":0,"k":[0.807843197093,0.619607843137,0.501960784314,1],"ix":4},"o":{"a":0,"k":100,"ix":5},"r":1,"bm":0,"nm":"Fill 1","mn":"ADBE Vector Graphic - Fill","hd":false},{"ty":"tr","p":{"a":0,"k":[0,0],"ix":2},"a":{"a":0,"k":[0,0],"ix":1},"s":{"a":0,"k":[100,100],"ix":3},"r":{"a":0,"k":0,"ix":6},"o":{"a":0,"k":100,"ix":7},"sk":{"a":0,"k":0,"ix":4},"sa":{"a":0,"k":0,"ix":5},"nm":"Transform"}],"nm":"Shape 2","np":3,"cix":2,"bm":0,"ix":2,"mn":"ADBE Vector Group","hd":false},{"ty":"gr","it":[{"ind":0,"ty":"sh","ix":1,"ks":{"a":0,"k":{"i":[[0,0],[0,0],[0,0],[0,0]],"o":[[0,0],[0,0],[0,0],[0,0]],"v":[[-135.5,-91],[140,-91],[140,58],[-136,58]],"c":false},"ix":2},"nm":"Path 1","mn":"ADBE Vector Shape - Group","hd":false},{"ty":"st","c":{"a":0,"k":[0.498039006252,0.498039006252,0.498039006252,1],"ix":3},"o":{"a":0,"k":100,"ix":4},"w":{"a":0,"k":6,"ix":5},"lc":2,"lj":1,"ml":4,"bm":0,"d":[{"n":"d","nm":"dash","v":{"a":0,"k":10,"ix":1}},{"n":"g","nm":"gap","v":{"a":0,"k":10,"ix":2}},{"n":"o","nm":"offset","v":{"a":0,"k":37,"ix":7}}],"nm":"Stroke 1","mn":"ADBE Vector Graphic - Stroke","hd":false},{"ty":"fl","c":{"a":0,"k":[0.933333393172,0.623529411765,0.486274539723,1],"ix":4},"o":{"a":0,"k":100,"ix":5},"r":1,"bm":0,"nm":"Fill 1","mn":"ADBE Vector Graphic - Fill","hd":false},{"ty":"tr","p":{"a":0,"k":[0,0],"ix":2},"a":{"a":0,"k":[0,0],"ix":1},"s":{"a":0,"k":[100,100],"ix":3},"r":{"a":0,"k":0,"ix":6},"o":{"a":0,"k":100,"ix":7},"sk":{"a":0,"k":0,"ix":4},"sa":{"a":0,"k":0,"ix":5},"nm":"Transform"}],"nm":"Shape 3","np":3,"cix":2,"bm":0,"ix":3,"mn":"ADBE Vector Group","hd":false},{"ty":"gr","it":[{"ind":0,"ty":"sh","ix":1,"ks":{"a":0,"k":{"i":[[8,0],[33.293,0],[0,-10],[0,-14],[0,0],[-12,0],[0,0],[0,0]],"o":[[-65.152,0],[-5.607,0],[0,51],[0,14],[0,0],[12,0],[0,0],[0,0]],"v":[[144.875,-103],[-144.75,-103],[-153.5,-91],[-153.5,57],[-141.5,69],[142,70],[152.5,60],[152.5,-94.875]],"c":true},"ix":2},"nm":"Path 1","mn":"ADBE Vector Shape - Group","hd":false},{"ty":"st","c":{"a":0,"k":[0.498039006252,0.498039006252,0.498039006252,1],"ix":3},"o":{"a":0,"k":100,"ix":4},"w":{"a":0,"k":7,"ix":5},"lc":2,"lj":1,"ml":4,"bm":0,"nm":"Stroke 1","mn":"ADBE Vector Graphic - Stroke","hd":false},{"ty":"fl","c":{"a":0,"k":[0.992156922583,0.796078491211,0.674509803922,1],"ix":4},"o":{"a":0,"k":100,"ix":5},"r":1,"bm":0,"nm":"Fill 1","mn":"ADBE Vector Graphic - Fill","hd":false},{"ty":"tr","p":{"a":0,"k":[0,0],"ix":2},"a":{"a":0,"k":[0,0],"ix":1},"s":{"a":0,"k":[100,100],"ix":3},"r":{"a":0,"k":0,"ix":6},"o":{"a":0,"k":100,"ix":7},"sk":{"a":0,"k":0,"ix":4},"sa":{"a":0,"k":0,"ix":5},"nm":"Transform"}],"nm":"Shape 1","np":3,"cix":2,"bm":0,"ix":4,"mn":"ADBE Vector Group","hd":false}],"ip":0,"op":2108,"st":0,"bm":0},{"ddd":0,"ind":6,"ty":0,"nm":"Money Comp","parent":5,"refId":"comp_2","sr":1,"ks":{"o":{"a":0,"k":100,"ix":11},"r":{"a":0,"k":0,"ix":10},"p":{"a":0,"k":[-49.971,20.501,0],"ix":2},"a":{"a":0,"k":[750,750,0],"ix":1},"s":{"a":0,"k":[123,123,100],"ix":6}},"ao":0,"hasMask":true,"masksProperties":[{"inv":false,"mode":"a","pt":{"a":0,"k":{"i":[[0,0],[0,0],[-259.525,240.134],[0,0],[-9.875,-0.11],[0,0],[-0.985,9.501],[0.813,80.047]],"o":[[0,0],[0,0],[4.829,-4.468],[0,0],[9.875,0.11],[0,0],[0.465,-4.484],[233.354,236.194]],"v":[[1185.018,444.041],[335.613,470.106],[667.079,652.251],[668.298,777.924],[679.684,785.532],[895.81,786.078],[904.794,775.564],[902.795,595.141]],"c":true},"ix":1},"o":{"a":0,"k":100,"ix":3},"x":{"a":0,"k":0,"ix":4},"nm":"Mask 1"}],"w":1500,"h":1500,"ip":0,"op":2108,"st":0,"bm":0},{"ddd":0,"ind":7,"ty":4,"nm":"back","parent":5,"sr":1,"ks":{"o":{"a":0,"k":100,"ix":11},"r":{"a":0,"k":0,"ix":10},"p":{"a":1,"k":[{"i":{"x":0.667,"y":1},"o":{"x":0.333,"y":0},"t":57,"s":[35.03,-42,0],"to":[0,-5.5,0],"ti":[0,5.5,0]},{"i":{"x":0.667,"y":0.667},"o":{"x":0.333,"y":0.333},"t":71,"s":[35.03,-75,0],"to":[0,0,0],"ti":[0,0,0]},{"i":{"x":0.833,"y":1},"o":{"x":0.333,"y":0},"t":265,"s":[35.03,-75,0],"to":[0,5.5,0],"ti":[0,-5.5,0]},{"t":278,"s":[35.03,-42,0]}],"ix":2},"a":{"a":0,"k":[35.03,-75,0],"ix":1},"s":{"a":0,"k":[100,100,100],"ix":6}},"ao":0,"shapes":[{"ty":"gr","it":[{"ind":0,"ty":"sh","ix":1,"ks":{"a":0,"k":{"i":[[0,0],[0,0]],"o":[[0,0],[0,0]],"v":[[-117.995,-123.326],[116,-122.5]],"c":false},"ix":2},"nm":"Path 1","mn":"ADBE Vector Shape - Group","hd":false},{"ty":"st","c":{"a":0,"k":[0.490196078431,0.490196078431,0.490196078431,1],"ix":3},"o":{"a":0,"k":100,"ix":4},"w":{"a":0,"k":4,"ix":5},"lc":1,"lj":1,"ml":4,"bm":0,"nm":"Stroke 1","mn":"ADBE Vector Graphic - Stroke","hd":false},{"ty":"tr","p":{"a":0,"k":[0,0],"ix":2},"a":{"a":0,"k":[0,0],"ix":1},"s":{"a":0,"k":[100,100],"ix":3},"r":{"a":0,"k":0,"ix":6},"o":{"a":0,"k":100,"ix":7},"sk":{"a":0,"k":0,"ix":4},"sa":{"a":0,"k":0,"ix":5},"nm":"Transform"}],"nm":"Shape 2","np":3,"cix":2,"bm":0,"ix":1,"mn":"ADBE Vector Group","hd":false},{"ty":"gr","it":[{"ind":0,"ty":"sh","ix":1,"ks":{"a":0,"k":{"i":[[0,0],[12.5,0],[0,0],[0,0],[0,0],[0,9]],"o":[[0,0],[-12.5,0],[0,0],[0,0],[0,0],[0,-9]],"v":[[140.5,-137],[-130.995,-137.826],[-141.995,-126.326],[-141.995,-76.826],[153.5,-75],[153.5,-128.5]],"c":true},"ix":2},"nm":"Path 1","mn":"ADBE Vector Shape - Group","hd":false},{"ty":"st","c":{"a":0,"k":[0.490196078431,0.490196078431,0.490196078431,1],"ix":3},"o":{"a":0,"k":100,"ix":4},"w":{"a":0,"k":4,"ix":5},"lc":1,"lj":1,"ml":4,"bm":0,"nm":"Stroke 1","mn":"ADBE Vector Graphic - Stroke","hd":false},{"ty":"fl","c":{"a":0,"k":[0.929411764706,0.637831624349,0.506620519301,1],"ix":4},"o":{"a":0,"k":100,"ix":5},"r":1,"bm":0,"nm":"Fill 1","mn":"ADBE Vector Graphic - Fill","hd":false},{"ty":"tr","p":{"a":0,"k":[0,0],"ix":2},"a":{"a":0,"k":[0,0],"ix":1},"s":{"a":0,"k":[100,100],"ix":3},"r":{"a":0,"k":0,"ix":6},"o":{"a":0,"k":100,"ix":7},"sk":{"a":0,"k":0,"ix":4},"sa":{"a":0,"k":0,"ix":5},"nm":"Transform"}],"nm":"Shape 1","np":3,"cix":2,"bm":0,"ix":2,"mn":"ADBE Vector Group","hd":false}],"ip":0,"op":2108,"st":0,"bm":0}]},{"id":"comp_2","layers":[{"ddd":0,"ind":1,"ty":5,"nm":"$","parent":2,"sr":1,"ks":{"o":{"a":0,"k":100,"ix":11},"r":{"a":0,"k":-32.191,"ix":10},"p":{"a":0,"k":[81.74,-140.353,0],"ix":2},"a":{"a":0,"k":[0,0,0],"ix":1},"s":{"a":0,"k":[100,100,100],"ix":6}},"ao":0,"t":{"d":{"k":[{"s":{"s":40,"f":"BloomerDEMO-Regular","t":"$","j":2,"tr":55,"lh":48,"ls":0,"fc":[0.498,0.498,0.498]},"t":0}]},"p":{},"m":{"g":1,"a":{"a":0,"k":[0,0],"ix":2}},"a":[]},"ip":0,"op":2108,"st":0,"bm":0},{"ddd":0,"ind":2,"ty":4,"nm":"Money","sr":1,"ks":{"o":{"a":0,"k":100,"ix":11},"r":{"a":1,"k":[{"i":{"x":[0.833],"y":[0.674]},"o":{"x":[0.167],"y":[0.167]},"t":0,"s":[34.126]},{"i":{"x":[0.833],"y":[0.991]},"o":{"x":[0.167],"y":[0.007]},"t":45,"s":[32.399]},{"i":{"x":[0.833],"y":[0.896]},"o":{"x":[0.167],"y":[-0.022]},"t":46,"s":[30.672]},{"i":{"x":[0.833],"y":[0.932]},"o":{"x":[0.167],"y":[0.22]},"t":48,"s":[32.113]},{"i":{"x":[0.833],"y":[1.044]},"o":{"x":[0.167],"y":[-0.118]},"t":53,"s":[33.816]},{"i":{"x":[0.667],"y":[1]},"o":{"x":[0.167],"y":[0.029]},"t":56,"s":[33.226]},{"i":{"x":[0.667],"y":[1]},"o":{"x":[0.333],"y":[0]},"t":59,"s":[34.125]},{"i":{"x":[0.667],"y":[1]},"o":{"x":[0.333],"y":[0]},"t":64,"s":[30.731]},{"i":{"x":[0.833],"y":[0.855]},"o":{"x":[0.333],"y":[0]},"t":81,"s":[-34.427]},{"i":{"x":[0.833],"y":[0.88]},"o":{"x":[0.167],"y":[0.178]},"t":84,"s":[-20.482]},{"i":{"x":[0.833],"y":[0.886]},"o":{"x":[0.167],"y":[0.362]},"t":91,"s":[6.099]},{"i":{"x":[0.833],"y":[1.101]},"o":{"x":[0.167],"y":[0.388]},"t":96,"s":[12.415]},{"i":{"x":[0.833],"y":[0.755]},"o":{"x":[0.167],"y":[0.072]},"t":100,"s":[13.905]},{"i":{"x":[0.833],"y":[0.88]},"o":{"x":[0.167],"y":[0.137]},"t":108,"s":[9.698]},{"i":{"x":[0.833],"y":[0.948]},"o":{"x":[0.167],"y":[0.316]},"t":120,"s":[-1.561]},{"i":{"x":[0.833],"y":[0.786]},"o":{"x":[0.167],"y":[-0.096]},"t":130,"s":[-5.115]},{"i":{"x":[0.833],"y":[0.959]},"o":{"x":[0.167],"y":[0.153]},"t":138,"s":[-3.568]},{"i":{"x":[0.833],"y":[0.935]},"o":{"x":[0.167],"y":[-0.122]},"t":158,"s":[1.832]},{"i":{"x":[0.833],"y":[-3.953]},"o":{"x":[0.167],"y":[-0.292]},"t":184,"s":[-0.523]},{"i":{"x":[0.667],"y":[1]},"o":{"x":[0.167],"y":[0.067]},"t":210,"s":[0]},{"i":{"x":[0.667],"y":[1]},"o":{"x":[0.333],"y":[0]},"t":227,"s":[25.164]},{"i":{"x":[0.833],"y":[0.853]},"o":{"x":[0.333],"y":[0]},"t":242,"s":[-23.497]},{"i":{"x":[0.833],"y":[0.909]},"o":{"x":[0.167],"y":[0.227]},"t":252,"s":[22.4]},{"i":{"x":[0.833],"y":[0.992]},"o":{"x":[0.167],"y":[0.406]},"t":257,"s":[37.231]},{"i":{"x":[0.833],"y":[0.755]},"o":{"x":[0.167],"y":[-0.01]},"t":264,"s":[41.905]},{"i":{"x":[0.833],"y":[0.88]},"o":{"x":[0.167],"y":[0.137]},"t":272,"s":[37.698]},{"i":{"x":[0.833],"y":[0.948]},"o":{"x":[0.167],"y":[0.316]},"t":284,"s":[26.439]},{"i":{"x":[0.833],"y":[0.755]},"o":{"x":[0.167],"y":[-0.096]},"t":294,"s":[22.885]},{"i":{"x":[0.833],"y":[0.88]},"o":{"x":[0.167],"y":[0.137]},"t":302,"s":[24.432]},{"i":{"x":[0.833],"y":[1.04]},"o":{"x":[0.167],"y":[0.316]},"t":314,"s":[28.574]},{"i":{"x":[0.833],"y":[0.947]},"o":{"x":[0.167],"y":[0.061]},"t":324,"s":[29.882]},{"i":{"x":[0.833],"y":[0.998]},"o":{"x":[0.167],"y":[-0.143]},"t":354,"s":[27.308]},{"i":{"x":[0.833],"y":[0.833]},"o":{"x":[0.167],"y":[-0.445]},"t":384,"s":[28.255]},{"t":2107,"s":[28]}],"ix":10},"p":{"a":1,"k":[{"i":{"x":0.833,"y":0.433},"o":{"x":0.167,"y":0.167},"t":0,"s":[693.61,781.878,0],"to":[0,0,0],"ti":[0,0,0]},{"i":{"x":0.833,"y":0.879},"o":{"x":0.167,"y":0.035},"t":42,"s":[694.834,783.102,0],"to":[1.244,1.244,0],"ti":[-1.244,-1.244,0]},{"i":{"x":0.836,"y":0},"o":{"x":0.167,"y":0.338},"t":50,"s":[698.566,786.834,0],"to":[0.061,0.061,0],"ti":[-0.076,0.033,0]},{"i":{"x":0.667,"y":1},"o":{"x":0.167,"y":0.074},"t":56,"s":[699.563,787.831,0],"to":[3.985,-1.703,0],"ti":[-3.68,2.303,0]},{"i":{"x":0.667,"y":1},"o":{"x":0.333,"y":0},"t":60,"s":[711.153,781.992,0],"to":[5.267,-3.296,0],"ti":[-0.194,-0.194,0]},{"i":{"x":0.797,"y":0.939},"o":{"x":0.333,"y":0},"t":78,"s":[786.57,752.07,0],"to":[1.661,1.661,0],"ti":[0.962,0.962,0]},{"i":{"x":0.833,"y":0.804},"o":{"x":0.167,"y":0.566},"t":99,"s":[754.195,759.695,0],"to":[-0.337,-0.337,0],"ti":[0.337,0.337,0]},{"i":{"x":0.833,"y":0.867},"o":{"x":0.167,"y":0.151},"t":109,"s":[753.185,758.685,0],"to":[-0.655,-0.655,0],"ti":[0.655,0.655,0]},{"i":{"x":0.833,"y":0.841},"o":{"x":0.167,"y":0.272},"t":124,"s":[751.221,756.721,0],"to":[-0.188,-0.188,0],"ti":[-0.188,-0.188,0]},{"i":{"x":0.833,"y":0.892},"o":{"x":0.167,"y":0.171},"t":134,"s":[751.784,757.284,0],"to":[0.395,0.395,0],"ti":[-0.395,-0.395,0]},{"i":{"x":0.833,"y":0.781},"o":{"x":0.167,"y":0.262},"t":154,"s":[752.97,758.47,0],"to":[0.215,0.215,0],"ti":[0.215,0.215,0]},{"i":{"x":0.833,"y":0.768},"o":{"x":0.167,"y":0.124},"t":184,"s":[752.327,757.827,0],"to":[-0.266,-0.266,0],"ti":[-0.266,-0.266,0]},{"i":{"x":0.887,"y":0},"o":{"x":0.167,"y":0.076},"t":205,"s":[753.124,758.624,0],"to":[0.747,0.747,0],"ti":[-0.266,-0.266,0]},{"i":{"x":0.667,"y":1},"o":{"x":0.167,"y":0.124},"t":210,"s":[753.124,758.624,0],"to":[0.747,0.747,0],"ti":[10.23,-0.059,0]},{"i":{"x":0.833,"y":0.752},"o":{"x":0.333,"y":0},"t":223,"s":[726.104,766.097,0],"to":[-0.309,0.002,0],"ti":[-3.887,-2.521,0]},{"i":{"x":0.833,"y":0.827},"o":{"x":0.167,"y":0.106},"t":237,"s":[745.234,749.848,0],"to":[6.414,4.159,0],"ti":[3.508,-2.887,0]},{"i":{"x":0.833,"y":0.828},"o":{"x":0.167,"y":0.13},"t":245,"s":[759.44,780.127,0],"to":[-1.483,1.22,0],"ti":[1.631,-1.014,0]},{"i":{"x":0.833,"y":0.833},"o":{"x":0.167,"y":0.165},"t":246,"s":[754.946,783.733,0],"to":[-4.913,3.056,0],"ti":[5.375,-2.082,0]},{"i":{"x":0.833,"y":0.832},"o":{"x":0.167,"y":0.166},"t":249,"s":[738.473,790.888,0],"to":[-5.643,2.186,0],"ti":[5.743,-1.906,0]},{"i":{"x":0.833,"y":0.952},"o":{"x":0.167,"y":0.165},"t":252,"s":[721.369,796.965,0],"to":[-7.816,2.595,0],"ti":[7.496,-3.449,0]},{"i":{"x":0.833,"y":0.787},"o":{"x":0.093,"y":1},"t":256,"s":[698.174,805.227,0],"to":[-0.511,0.235,0],"ti":[0.398,0.398,0]},{"i":{"x":0.833,"y":0.866},"o":{"x":0.167,"y":0.15},"t":267,"s":[696.981,804.034,0],"to":[-1.156,-1.156,0],"ti":[1.156,1.156,0]},{"i":{"x":0.833,"y":0.841},"o":{"x":0.167,"y":0.346},"t":288,"s":[693.511,800.564,0],"to":[-0.188,-0.188,0],"ti":[-0.188,-0.188,0]},{"i":{"x":0.833,"y":0.997},"o":{"x":0.167,"y":0.171},"t":298,"s":[694.074,801.127,0],"to":[0.395,0.395,0],"ti":[-0.395,-0.395,0]},{"i":{"x":0.833,"y":0.833},"o":{"x":0.167,"y":0.58},"t":318,"s":[695.261,802.314,0],"to":[0,0,0],"ti":[0,0,0]},{"t":2107,"s":[694.79,801.843,0]}],"ix":2},"a":{"a":0,"k":[2.5,8,0],"ix":1},"s":{"a":0,"k":[100,100,100],"ix":6}},"ao":0,"shapes":[{"ty":"gr","it":[{"ind":0,"ty":"sh","ix":1,"ks":{"a":0,"k":{"i":[[0,0],[0,0],[0,0],[0,0],[0,0],[17.5,4]],"o":[[0,0],[0,0],[0,0],[0,0],[0,0],[-17.5,-4]],"v":[[49.5,-155],[-48.744,-93.542],[7.914,-2.202],[134.593,-78.821],[96.5,-137],[69,-128]],"c":true},"ix":2},"nm":"Path 1","mn":"ADBE Vector Shape - Group","hd":false},{"ty":"st","c":{"a":0,"k":[0.490196078431,0.490196078431,0.490196078431,1],"ix":3},"o":{"a":0,"k":100,"ix":4},"w":{"a":0,"k":4,"ix":5},"lc":2,"lj":1,"ml":4,"bm":0,"nm":"Stroke 1","mn":"ADBE Vector Graphic - Stroke","hd":false},{"ty":"fl","c":{"a":0,"k":[1,1,1,1],"ix":4},"o":{"a":0,"k":100,"ix":5},"r":1,"bm":0,"nm":"Fill 1","mn":"ADBE Vector Graphic - Fill","hd":false},{"ty":"tr","p":{"a":0,"k":[0,0],"ix":2},"a":{"a":0,"k":[0,0],"ix":1},"s":{"a":0,"k":[100,100],"ix":3},"r":{"a":0,"k":0,"ix":6},"o":{"a":0,"k":100,"ix":7},"sk":{"a":0,"k":0,"ix":4},"sa":{"a":0,"k":0,"ix":5},"nm":"Transform"}],"nm":"Shape 2","np":3,"cix":2,"bm":0,"ix":1,"mn":"ADBE Vector Group","hd":false},{"ty":"gr","it":[{"ind":0,"ty":"sh","ix":1,"ks":{"a":0,"k":{"i":[[0,0],[0,0],[0,0],[0,0]],"o":[[0,0],[0,0],[0,0],[0,0]],"v":[[81.5,-185],[-61,-96],[2.5,9.5],[147.5,-79.5]],"c":true},"ix":2},"nm":"Path 1","mn":"ADBE Vector Shape - Group","hd":false},{"ty":"st","c":{"a":0,"k":[0.490196078431,0.490196078431,0.490196078431,1],"ix":3},"o":{"a":0,"k":100,"ix":4},"w":{"a":0,"k":4,"ix":5},"lc":1,"lj":1,"ml":4,"bm":0,"nm":"Stroke 1","mn":"ADBE Vector Graphic - Stroke","hd":false},{"ty":"fl","c":{"a":0,"k":[0.643137254902,0.843137254902,0.627450980392,1],"ix":4},"o":{"a":0,"k":100,"ix":5},"r":1,"bm":0,"nm":"Fill 1","mn":"ADBE Vector Graphic - Fill","hd":false},{"ty":"tr","p":{"a":0,"k":[0,0],"ix":2},"a":{"a":0,"k":[0,0],"ix":1},"s":{"a":0,"k":[100,100],"ix":3},"r":{"a":0,"k":0,"ix":6},"o":{"a":0,"k":100,"ix":7},"sk":{"a":0,"k":0,"ix":4},"sa":{"a":0,"k":0,"ix":5},"nm":"Transform"}],"nm":"Shape 1","np":3,"cix":2,"bm":0,"ix":2,"mn":"ADBE Vector Group","hd":false}],"ip":0,"op":2108,"st":0,"bm":0}]}],"fonts":{"list":[{"fName":"BloomerDEMO-Regular","fFamily":"Bloomer DEMO","fStyle":"Regular","ascent":250}]},"layers":[{"ddd":0,"ind":2,"ty":0,"nm":"Wallet Expence","refId":"comp_0","sr":1,"ks":{"o":{"a":0,"k":100,"ix":11},"r":{"a":0,"k":0,"ix":10},"p":{"a":0,"k":[746,980,0],"ix":2},"a":{"a":0,"k":[750,750,0],"ix":1},"s":{"a":0,"k":[190,190,100],"ix":6}},"ao":0,"w":1500,"h":1500,"ip":0,"op":2108,"st":0,"bm":0}],"markers":[{"tm":40,"cm":"","dr":0}],"chars":[{"ch":"$","size":40,"style":"Regular","w":50.62,"data":{"shapes":[{"ty":"gr","it":[{"ind":0,"ty":"sh","ix":1,"ks":{"a":0,"k":{"i":[[0,0],[-2.637,-0.569],[-3.06,-0.13],[0,0],[0,0],[0,0],[-3.402,3.418],[0,4.492],[2.327,2.718],[8.203,5.73],[0,0],[-2.263,-2.393],[-0.423,-5.176],[0,0],[0,0],[0.944,0.228],[2.669,0.163],[0,0],[0,0],[0,0],[2.979,-2.995],[0,-4.004],[-1.726,-2.473],[-7.324,-4.524],[0,0],[2.441,2.377],[0.358,4.46],[0,0]],"o":[[3.19,1.302],[2.637,0.569],[0,0],[0,0],[0,0],[6.055,-0.521],[3.401,-3.418],[0,-4.036],[-2.328,-2.718],[0,0],[4.524,0.456],[2.262,2.393],[0,0],[0,0],[-5.306,-2.018],[-1.823,-0.455],[0,0],[0,0],[0,0],[-5.534,0.619],[-2.979,2.995],[0,3.548],[2.441,3.484],[0,0],[-4.851,-0.455],[-2.441,-2.376],[0,0],[0,0]],"v":[[5.273,-2.49],[14.014,0.317],[22.559,1.367],[22.559,7.617],[25.684,7.617],[25.684,1.367],[39.868,-4.541],[44.971,-16.406],[41.479,-26.538],[25.684,-39.209],[25.684,-64.014],[35.864,-59.741],[39.893,-48.389],[41.797,-48.389],[41.797,-62.988],[32.422,-66.357],[25.684,-67.285],[25.684,-71.777],[22.559,-71.777],[22.559,-67.285],[9.79,-61.865],[5.322,-51.367],[7.91,-42.334],[22.559,-30.322],[22.559,-1.807],[11.621,-6.055],[7.422,-16.309],[5.273,-16.309]],"c":true},"ix":2},"nm":"$","mn":"ADBE Vector Shape - Group","hd":false},{"ind":1,"ty":"sh","ix":2,"ks":{"a":0,"k":{"i":[[1.432,2.068],[0,2.377],[-1.579,1.677],[-3.255,0.391],[0,0]],"o":[[-1.433,-2.067],[0,-2.539],[1.579,-1.676],[0,0],[-3.548,-2.344]],"v":[[15.088,-47.876],[12.939,-54.541],[15.308,-60.864],[22.559,-63.965],[22.559,-41.26]],"c":true},"ix":2},"nm":"$","mn":"ADBE Vector Shape - Group","hd":false},{"ind":2,"ty":"sh","ix":3,"ks":{"a":0,"k":{"i":[[0,0],[-1.286,-1.92],[0,-2.148],[1.057,-1.839],[1.823,-1.139],[2.441,-0.423]],"o":[[5.11,3.516],[1.286,1.921],[0,2.084],[-1.058,1.839],[-1.302,0.781],[0,0]],"v":[[25.684,-28.223],[35.278,-20.068],[37.207,-13.965],[35.62,-8.081],[31.299,-3.613],[25.684,-1.807]],"c":true},"ix":2},"nm":"$","mn":"ADBE Vector Shape - Group","hd":false}],"nm":"$","np":6,"cix":2,"bm":0,"ix":1,"mn":"ADBE Vector Group","hd":false}]},"fFamily":"Bloomer DEMO"}]}