{"nm":"Comp 1","ddd":0,"h":744,"w":887,"meta":{"g":"@lottiefiles/toolkit-js 0.26.1"},"layers":[{"ty":4,"nm":"Capa de formas 3","sr":1,"st":0,"op":750,"ip":0,"hd":false,"ddd":0,"bm":0,"hasMask":false,"ao":0,"ks":{"a":{"a":0,"k":[0,0,0],"ix":1},"s":{"a":0,"k":[100,100,100],"ix":6},"sk":{"a":0,"k":0},"p":{"a":0,"k":[431.5,386,0],"ix":2},"r":{"a":0,"k":0,"ix":10},"sa":{"a":0,"k":0},"o":{"a":1,"k":[{"o":{"x":0.167,"y":0.167},"i":{"x":0.833,"y":0.833},"s":[56],"t":0},{"o":{"x":0.167,"y":0.167},"i":{"x":0.833,"y":0.833},"s":[13.625],"t":23},{"o":{"x":0.167,"y":0.167},"i":{"x":0.833,"y":0.833},"s":[56],"t":46},{"o":{"x":0.167,"y":0.167},"i":{"x":0.833,"y":0.833},"s":[13.625],"t":68},{"o":{"x":0.167,"y":0.167},"i":{"x":0.833,"y":0.833},"s":[56],"t":92},{"o":{"x":0.167,"y":0.167},"i":{"x":0.833,"y":0.833},"s":[13.625],"t":112},{"o":{"x":0.167,"y":0.167},"i":{"x":0.833,"y":0.833},"s":[56],"t":135},{"o":{"x":0.167,"y":0.167},"i":{"x":0.833,"y":0.833},"s":[13.625],"t":160},{"o":{"x":0.167,"y":0.167},"i":{"x":0.833,"y":0.833},"s":[56],"t":182},{"o":{"x":0.167,"y":0.167},"i":{"x":0.833,"y":0.833},"s":[13.625],"t":206},{"o":{"x":0.167,"y":0.167},"i":{"x":0.833,"y":0.833},"s":[56],"t":229},{"o":{"x":0.167,"y":0.167},"i":{"x":0.833,"y":0.833},"s":[13.625],"t":250},{"o":{"x":0.167,"y":0.167},"i":{"x":0.833,"y":0.833},"s":[56],"t":273},{"o":{"x":0.167,"y":0.167},"i":{"x":0.833,"y":0.833},"s":[13.625],"t":296},{"o":{"x":0.167,"y":0.167},"i":{"x":0.833,"y":0.833},"s":[56],"t":320},{"o":{"x":0.167,"y":0.167},"i":{"x":0.833,"y":0.833},"s":[13.625],"t":341},{"o":{"x":0.167,"y":0.167},"i":{"x":0.833,"y":0.833},"s":[56],"t":362},{"o":{"x":0.167,"y":0.167},"i":{"x":0.833,"y":0.833},"s":[13.625],"t":390},{"s":[56],"t":405}],"ix":11}},"ef":[],"shapes":[{"ty":"gr","bm":0,"hd":false,"mn":"ADBE Vector Group","nm":"Elipse 1","ix":1,"cix":2,"np":3,"it":[{"ty":"el","bm":0,"hd":false,"mn":"ADBE Vector Shape - Ellipse","nm":"Trazado elíptico 1","d":1,"p":{"a":0,"k":[0,0],"ix":3},"s":{"a":0,"k":[117,23],"ix":2}},{"ty":"st","bm":0,"hd":false,"mn":"ADBE Vector Graphic - Stroke","nm":"Trazo 1","lc":1,"lj":1,"ml":4,"o":{"a":0,"k":100,"ix":4},"w":{"a":0,"k":0,"ix":5},"c":{"a":0,"k":[0.0392,0.9608,0.5725],"ix":3}},{"ty":"fl","bm":0,"hd":false,"mn":"ADBE Vector Graphic - Fill","nm":"Relleno 1","c":{"a":0,"k":[0.4667,0.9843,0.6745],"ix":4},"r":1,"o":{"a":0,"k":100,"ix":5}},{"ty":"tr","a":{"a":0,"k":[0,0],"ix":1},"s":{"a":0,"k":[100,100],"ix":3},"sk":{"a":0,"k":0,"ix":4},"p":{"a":0,"k":[-18.5,321.5],"ix":2},"r":{"a":0,"k":0,"ix":6},"sa":{"a":0,"k":0,"ix":5},"o":{"a":0,"k":100,"ix":7}}]}],"ind":1},{"ty":4,"nm":"Capa de formas 2","sr":1,"st":0,"op":750,"ip":0,"hd":false,"ddd":0,"bm":0,"hasMask":false,"ao":0,"ks":{"a":{"a":0,"k":[0,0,0],"ix":1},"s":{"a":0,"k":[100,100,100],"ix":6},"sk":{"a":0,"k":0},"p":{"a":0,"k":[443.5,424.5,0],"ix":2},"r":{"a":0,"k":0,"ix":10},"sa":{"a":0,"k":0},"o":{"a":0,"k":100,"ix":11}},"ef":[],"shapes":[{"ty":"gr","bm":0,"hd":false,"mn":"ADBE Vector Group","nm":"Elipse 1","ix":1,"cix":2,"np":4,"it":[{"ty":"el","bm":0,"hd":false,"mn":"ADBE Vector Shape - Ellipse","nm":"Trazado elíptico 1","d":1,"p":{"a":0,"k":[0,0],"ix":3},"s":{"a":0,"k":[215,53],"ix":2}},{"ty":"tm","bm":0,"hd":false,"mn":"ADBE Vector Filter - Trim","nm":"Recortar trazados 1","ix":2,"e":{"a":0,"k":10.546,"ix":2},"o":{"a":1,"k":[{"o":{"x":0.167,"y":0.167},"i":{"x":0.833,"y":0.833},"s":[0],"t":0},{"s":[4394.851],"t":405}],"ix":3},"s":{"a":0,"k":0,"ix":1},"m":1},{"ty":"st","bm":0,"hd":false,"mn":"ADBE Vector Graphic - Stroke","nm":"Trazo 1","lc":2,"lj":1,"ml":4,"o":{"a":0,"k":100,"ix":4},"w":{"a":0,"k":9,"ix":5},"c":{"a":0,"k":[0.0392,0.9608,0.5725],"ix":3}},{"ty":"fl","bm":0,"hd":true,"mn":"ADBE Vector Graphic - Fill","nm":"Relleno 1","c":{"a":0,"k":[1,1,1],"ix":4},"r":1,"o":{"a":0,"k":100,"ix":5}},{"ty":"tr","a":{"a":0,"k":[0,0],"ix":1},"s":{"a":0,"k":[100,100],"ix":3},"sk":{"a":0,"k":0,"ix":4},"p":{"a":0,"k":[-24,285.5],"ix":2},"r":{"a":0,"k":0,"ix":6},"sa":{"a":0,"k":0,"ix":5},"o":{"a":0,"k":100,"ix":7}}]}],"ind":2},{"ty":4,"nm":"bola 5","sr":1,"st":0,"op":750,"ip":0,"hd":false,"ddd":0,"bm":0,"hasMask":false,"ao":0,"ks":{"a":{"a":0,"k":[0,0,0],"ix":1},"s":{"a":0,"k":[82.35,483.747,100],"ix":6},"sk":{"a":0,"k":0},"p":{"a":1,"k":[{"o":{"x":0.167,"y":0.167},"i":{"x":0.833,"y":0.833},"s":[641.5,-1184.305,0],"t":0,"ti":[0,0,0],"to":[0,-114,0]},{"o":{"x":0.167,"y":0.167},"i":{"x":0.833,"y":0.833},"s":[641.5,-1868.305,0],"t":49,"ti":[0,0,0],"to":[0,0,0]},{"o":{"x":0.167,"y":0.167},"i":{"x":0.833,"y":0.833},"s":[641.5,-1184.305,0],"t":84,"ti":[0,0,0],"to":[0,0,0]},{"o":{"x":0.167,"y":0.167},"i":{"x":0.833,"y":0.833},"s":[641.5,-1868.305,0],"t":133,"ti":[0,0,0],"to":[0,0,0]},{"o":{"x":0.167,"y":0.167},"i":{"x":0.833,"y":0.833},"s":[641.5,-1184.305,0],"t":173,"ti":[0,0,0],"to":[0,0,0]},{"o":{"x":0.167,"y":0.167},"i":{"x":0.833,"y":0.833},"s":[641.5,-1868.305,0],"t":222,"ti":[0,0,0],"to":[0,0,0]},{"o":{"x":0.167,"y":0.167},"i":{"x":0.833,"y":0.833},"s":[641.5,-1184.305,0],"t":265,"ti":[0,0,0],"to":[0,0,0]},{"o":{"x":0.167,"y":0.167},"i":{"x":0.833,"y":0.833},"s":[641.5,-1868.305,0],"t":314,"ti":[0,0,0],"to":[0,0,0]},{"o":{"x":0.167,"y":0.167},"i":{"x":0.833,"y":0.833},"s":[641.5,-1184.305,0],"t":355,"ti":[0,114,0],"to":[0,0,0]},{"s":[641.5,-1868.305,0],"t":404}],"ix":2},"r":{"a":0,"k":0,"ix":10},"sa":{"a":0,"k":0},"o":{"a":1,"k":[{"o":{"x":0.167,"y":0.167},"i":{"x":0.833,"y":0.833},"s":[0],"t":1},{"o":{"x":0.167,"y":0.167},"i":{"x":0.833,"y":0.833},"s":[100],"t":24},{"o":{"x":0.167,"y":0.167},"i":{"x":0.833,"y":0.833},"s":[0],"t":48},{"o":{"x":0.167,"y":0.167},"i":{"x":0.833,"y":0.833},"s":[0],"t":85},{"o":{"x":0.167,"y":0.167},"i":{"x":0.833,"y":0.833},"s":[100],"t":108},{"o":{"x":0.167,"y":0.167},"i":{"x":0.833,"y":0.833},"s":[0],"t":132},{"o":{"x":0.167,"y":0.167},"i":{"x":0.833,"y":0.833},"s":[0],"t":174},{"o":{"x":0.167,"y":0.167},"i":{"x":0.833,"y":0.833},"s":[100],"t":197},{"o":{"x":0.167,"y":0.167},"i":{"x":0.833,"y":0.833},"s":[0],"t":221},{"o":{"x":0.167,"y":0.167},"i":{"x":0.833,"y":0.833},"s":[0],"t":266},{"o":{"x":0.167,"y":0.167},"i":{"x":0.833,"y":0.833},"s":[100],"t":289},{"o":{"x":0.167,"y":0.167},"i":{"x":0.833,"y":0.833},"s":[0],"t":313},{"o":{"x":0.167,"y":0.167},"i":{"x":0.833,"y":0.833},"s":[0],"t":356},{"o":{"x":0.167,"y":0.167},"i":{"x":0.833,"y":0.833},"s":[100],"t":379},{"s":[0],"t":403}],"ix":11}},"ef":[],"shapes":[{"ty":"gr","bm":0,"hd":false,"mn":"ADBE Vector Group","nm":"Elipse 1","ix":1,"cix":2,"np":3,"it":[{"ty":"el","bm":0,"hd":false,"mn":"ADBE Vector Shape - Ellipse","nm":"Trazado elíptico 1","d":1,"p":{"a":0,"k":[0,0],"ix":3},"s":{"a":0,"k":[21,21],"ix":2}},{"ty":"st","bm":0,"hd":false,"mn":"ADBE Vector Graphic - Stroke","nm":"Trazo 1","lc":1,"lj":1,"ml":4,"o":{"a":0,"k":100,"ix":4},"w":{"a":0,"k":0,"ix":5},"c":{"a":0,"k":[1,1,1],"ix":3}},{"ty":"fl","bm":0,"hd":false,"mn":"ADBE Vector Graphic - Fill","nm":"Relleno 1","c":{"a":0,"k":[0.4667,0.9843,0.6745],"ix":4},"r":1,"o":{"a":0,"k":100,"ix":5}},{"ty":"tr","a":{"a":0,"k":[0,0],"ix":1},"s":{"a":0,"k":[91.018,16.093],"ix":3},"sk":{"a":0,"k":0,"ix":4},"p":{"a":0,"k":[-131,408.5],"ix":2},"r":{"a":0,"k":0,"ix":6},"sa":{"a":0,"k":0,"ix":5},"o":{"a":0,"k":100,"ix":7}}]}],"ind":3},{"ty":4,"nm":"bola 4","sr":1,"st":0,"op":750,"ip":0,"hd":false,"ddd":0,"bm":0,"hasMask":false,"ao":0,"ks":{"a":{"a":0,"k":[0,0,0],"ix":1},"s":{"a":0,"k":[222.97,398.386,100],"ix":6},"sk":{"a":0,"k":0},"p":{"a":1,"k":[{"o":{"x":0.167,"y":0.167},"i":{"x":0.833,"y":0.833},"s":[641.5,-806.699,0],"t":7,"ti":[0,0,0],"to":[0,-139.83332824707,0]},{"o":{"x":0.167,"y":0.167},"i":{"x":0.833,"y":0.833},"s":[641.5,-1645.699,0],"t":33,"ti":[0,0,0],"to":[0,0,0]},{"o":{"x":0.167,"y":0.167},"i":{"x":0.833,"y":0.833},"s":[641.5,-806.699,0],"t":82,"ti":[0,0,0],"to":[0,0,0]},{"o":{"x":0.167,"y":0.167},"i":{"x":0.833,"y":0.833},"s":[641.5,-1645.699,0],"t":108,"ti":[0,0,0],"to":[0,0,0]},{"o":{"x":0.167,"y":0.167},"i":{"x":0.833,"y":0.833},"s":[641.5,-806.699,0],"t":153,"ti":[0,0,0],"to":[0,0,0]},{"o":{"x":0.167,"y":0.167},"i":{"x":0.833,"y":0.833},"s":[641.5,-1645.699,0],"t":179,"ti":[0,0,0],"to":[0,0,0]},{"o":{"x":0.167,"y":0.167},"i":{"x":0.833,"y":0.833},"s":[641.5,-806.699,0],"t":220,"ti":[0,0,0],"to":[0,0,0]},{"o":{"x":0.167,"y":0.167},"i":{"x":0.833,"y":0.833},"s":[641.5,-1645.699,0],"t":246,"ti":[0,0,0],"to":[0,0,0]},{"o":{"x":0.167,"y":0.167},"i":{"x":0.833,"y":0.833},"s":[641.5,-806.699,0],"t":286,"ti":[0,0,0],"to":[0,0,0]},{"o":{"x":0.167,"y":0.167},"i":{"x":0.833,"y":0.833},"s":[641.5,-1645.699,0],"t":312,"ti":[0,0,0],"to":[0,0,0]},{"o":{"x":0.167,"y":0.167},"i":{"x":0.833,"y":0.833},"s":[641.5,-806.699,0],"t":352,"ti":[0,139.83332824707,0],"to":[0,0,0]},{"s":[641.5,-1645.699,0],"t":378}],"ix":2},"r":{"a":0,"k":0,"ix":10},"sa":{"a":0,"k":0},"o":{"a":1,"k":[{"o":{"x":0.167,"y":0.167},"i":{"x":0.833,"y":0.833},"s":[0],"t":7},{"o":{"x":0.167,"y":0.167},"i":{"x":0.833,"y":0.833},"s":[100],"t":20},{"o":{"x":0.167,"y":0.167},"i":{"x":0.833,"y":0.833},"s":[0],"t":33},{"o":{"x":0.167,"y":0.167},"i":{"x":0.833,"y":0.833},"s":[0],"t":81},{"o":{"x":0.167,"y":0.167},"i":{"x":0.833,"y":0.833},"s":[100],"t":94},{"o":{"x":0.167,"y":0.167},"i":{"x":0.833,"y":0.833},"s":[0],"t":107},{"o":{"x":0.167,"y":0.167},"i":{"x":0.833,"y":0.833},"s":[0],"t":153},{"o":{"x":0.167,"y":0.167},"i":{"x":0.833,"y":0.833},"s":[100],"t":166},{"o":{"x":0.167,"y":0.167},"i":{"x":0.833,"y":0.833},"s":[0],"t":179},{"o":{"x":0.167,"y":0.167},"i":{"x":0.833,"y":0.833},"s":[0],"t":220},{"o":{"x":0.167,"y":0.167},"i":{"x":0.833,"y":0.833},"s":[100],"t":233},{"o":{"x":0.167,"y":0.167},"i":{"x":0.833,"y":0.833},"s":[0],"t":246},{"o":{"x":0.167,"y":0.167},"i":{"x":0.833,"y":0.833},"s":[0],"t":286},{"o":{"x":0.167,"y":0.167},"i":{"x":0.833,"y":0.833},"s":[100],"t":299},{"o":{"x":0.167,"y":0.167},"i":{"x":0.833,"y":0.833},"s":[0],"t":312},{"o":{"x":0.167,"y":0.167},"i":{"x":0.833,"y":0.833},"s":[0],"t":352},{"o":{"x":0.167,"y":0.167},"i":{"x":0.833,"y":0.833},"s":[100],"t":365},{"s":[0],"t":378}],"ix":11}},"ef":[],"shapes":[{"ty":"gr","bm":0,"hd":false,"mn":"ADBE Vector Group","nm":"Elipse 1","ix":1,"cix":2,"np":3,"it":[{"ty":"el","bm":0,"hd":false,"mn":"ADBE Vector Shape - Ellipse","nm":"Trazado elíptico 1","d":1,"p":{"a":0,"k":[0,0],"ix":3},"s":{"a":0,"k":[21,21],"ix":2}},{"ty":"st","bm":0,"hd":false,"mn":"ADBE Vector Graphic - Stroke","nm":"Trazo 1","lc":1,"lj":1,"ml":4,"o":{"a":0,"k":100,"ix":4},"w":{"a":0,"k":0,"ix":5},"c":{"a":0,"k":[1,1,1],"ix":3}},{"ty":"fl","bm":0,"hd":false,"mn":"ADBE Vector Graphic - Fill","nm":"Relleno 1","c":{"a":0,"k":[0.4667,0.9843,0.6745],"ix":4},"r":1,"o":{"a":0,"k":100,"ix":5}},{"ty":"tr","a":{"a":0,"k":[0,0],"ix":1},"s":{"a":0,"k":[52.745,30.091],"ix":3},"sk":{"a":0,"k":0,"ix":4},"p":{"a":0,"k":[-131,408.5],"ix":2},"r":{"a":0,"k":0,"ix":6},"sa":{"a":0,"k":0,"ix":5},"o":{"a":0,"k":100,"ix":7}}]}],"ind":4},{"ty":4,"nm":"bola 3","sr":1,"st":0,"op":750,"ip":0,"hd":false,"ddd":0,"bm":0,"hasMask":false,"ao":0,"ks":{"a":{"a":0,"k":[0,0,0],"ix":1},"s":{"a":0,"k":[176.096,202.948,100],"ix":6},"sk":{"a":0,"k":0},"p":{"a":1,"k":[{"o":{"x":0.167,"y":0.167},"i":{"x":0.833,"y":0.833},"s":[641.5,-1.699,0],"t":1,"ti":[0,0,0],"to":[0,-134.16667175293,0]},{"o":{"x":0.167,"y":0.167},"i":{"x":0.833,"y":0.833},"s":[641.5,-806.699,0],"t":37,"ti":[0,0,0],"to":[0,0,0]},{"o":{"x":0.167,"y":0.167},"i":{"x":0.833,"y":0.833},"s":[641.5,-1.699,0],"t":75,"ti":[0,0,0],"to":[0,0,0]},{"o":{"x":0.167,"y":0.167},"i":{"x":0.833,"y":0.833},"s":[641.5,-806.699,0],"t":111,"ti":[0,0,0],"to":[0,0,0]},{"o":{"x":0.167,"y":0.167},"i":{"x":0.833,"y":0.833},"s":[641.5,-1.699,0],"t":149,"ti":[0,0,0],"to":[0,0,0]},{"o":{"x":0.167,"y":0.167},"i":{"x":0.833,"y":0.833},"s":[641.5,-806.699,0],"t":185,"ti":[0,0,0],"to":[0,0,0]},{"o":{"x":0.167,"y":0.167},"i":{"x":0.833,"y":0.833},"s":[641.5,-1.699,0],"t":222,"ti":[0,0,0],"to":[0,0,0]},{"o":{"x":0.167,"y":0.167},"i":{"x":0.833,"y":0.833},"s":[641.5,-806.699,0],"t":258,"ti":[0,0,0],"to":[0,0,0]},{"o":{"x":0.167,"y":0.167},"i":{"x":0.833,"y":0.833},"s":[641.5,-1.699,0],"t":293,"ti":[0,0,0],"to":[0,0,0]},{"o":{"x":0.167,"y":0.167},"i":{"x":0.833,"y":0.833},"s":[641.5,-806.699,0],"t":329,"ti":[0,0,0],"to":[0,0,0]},{"o":{"x":0.167,"y":0.167},"i":{"x":0.833,"y":0.833},"s":[641.5,-1.699,0],"t":361,"ti":[0,134.16667175293,0],"to":[0,0,0]},{"s":[641.5,-806.699,0],"t":397}],"ix":2},"r":{"a":0,"k":0,"ix":10},"sa":{"a":0,"k":0},"o":{"a":1,"k":[{"o":{"x":0.167,"y":0.167},"i":{"x":0.833,"y":0.833},"s":[0],"t":0},{"o":{"x":0.167,"y":0.167},"i":{"x":0.833,"y":0.833},"s":[100],"t":19},{"o":{"x":0.167,"y":0.167},"i":{"x":0.833,"y":0.833},"s":[0],"t":37},{"o":{"x":0.167,"y":0.167},"i":{"x":0.833,"y":0.833},"s":[0],"t":75},{"o":{"x":0.167,"y":0.167},"i":{"x":0.833,"y":0.833},"s":[100],"t":94},{"o":{"x":0.167,"y":0.167},"i":{"x":0.833,"y":0.833},"s":[0],"t":112},{"o":{"x":0.167,"y":0.167},"i":{"x":0.833,"y":0.833},"s":[0],"t":149},{"o":{"x":0.167,"y":0.167},"i":{"x":0.833,"y":0.833},"s":[100],"t":168},{"o":{"x":0.167,"y":0.167},"i":{"x":0.833,"y":0.833},"s":[0],"t":186},{"o":{"x":0.167,"y":0.167},"i":{"x":0.833,"y":0.833},"s":[0],"t":222},{"o":{"x":0.167,"y":0.167},"i":{"x":0.833,"y":0.833},"s":[100],"t":241},{"o":{"x":0.167,"y":0.167},"i":{"x":0.833,"y":0.833},"s":[0],"t":259},{"o":{"x":0.167,"y":0.167},"i":{"x":0.833,"y":0.833},"s":[0],"t":293},{"o":{"x":0.167,"y":0.167},"i":{"x":0.833,"y":0.833},"s":[100],"t":312},{"o":{"x":0.167,"y":0.167},"i":{"x":0.833,"y":0.833},"s":[0],"t":330},{"o":{"x":0.167,"y":0.167},"i":{"x":0.833,"y":0.833},"s":[0],"t":361},{"o":{"x":0.167,"y":0.167},"i":{"x":0.833,"y":0.833},"s":[100],"t":380},{"s":[0],"t":398}],"ix":11}},"ef":[],"shapes":[{"ty":"gr","bm":0,"hd":false,"mn":"ADBE Vector Group","nm":"Elipse 1","ix":1,"cix":2,"np":3,"it":[{"ty":"el","bm":0,"hd":false,"mn":"ADBE Vector Shape - Ellipse","nm":"Trazado elíptico 1","d":1,"p":{"a":0,"k":[0,0],"ix":3},"s":{"a":0,"k":[21,21],"ix":2}},{"ty":"st","bm":0,"hd":false,"mn":"ADBE Vector Graphic - Stroke","nm":"Trazo 1","lc":1,"lj":1,"ml":4,"o":{"a":0,"k":100,"ix":4},"w":{"a":0,"k":0,"ix":5},"c":{"a":0,"k":[1,1,1],"ix":3}},{"ty":"fl","bm":0,"hd":false,"mn":"ADBE Vector Graphic - Fill","nm":"Relleno 1","c":{"a":0,"k":[0.4667,0.9843,0.6745],"ix":4},"r":1,"o":{"a":0,"k":100,"ix":5}},{"ty":"tr","a":{"a":0,"k":[0,0],"ix":1},"s":{"a":0,"k":[52.745,44.773],"ix":3},"sk":{"a":0,"k":0,"ix":4},"p":{"a":0,"k":[-131,408.5],"ix":2},"r":{"a":0,"k":0,"ix":6},"sa":{"a":0,"k":0,"ix":5},"o":{"a":0,"k":100,"ix":7}}]}],"ind":5},{"ty":4,"nm":"bola 2","sr":1,"st":0,"op":750,"ip":0,"hd":false,"ddd":0,"bm":0,"hasMask":false,"ao":0,"ks":{"a":{"a":0,"k":[0,0,0],"ix":1},"s":{"a":0,"k":[100,100,100],"ix":6},"sk":{"a":0,"k":0},"p":{"a":1,"k":[{"o":{"x":0.167,"y":0.167},"i":{"x":0.833,"y":0.833},"s":[641.5,386.75,0],"t":4,"ti":[0,0,0],"to":[0,-102.333335876465,0]},{"o":{"x":0.167,"y":0.167},"i":{"x":0.833,"y":0.833},"s":[641.5,-227.25,0],"t":55,"ti":[0,0,0],"to":[0,0,0]},{"o":{"x":0.167,"y":0.167},"i":{"x":0.833,"y":0.833},"s":[641.5,386.75,0],"t":104,"ti":[0,0,0],"to":[0,0,0]},{"o":{"x":0.167,"y":0.167},"i":{"x":0.833,"y":0.833},"s":[641.5,-227.25,0],"t":155,"ti":[0,0,0],"to":[0,0,0]},{"o":{"x":0.167,"y":0.167},"i":{"x":0.833,"y":0.833},"s":[641.5,386.75,0],"t":198,"ti":[0,0,0],"to":[0,0,0]},{"o":{"x":0.167,"y":0.167},"i":{"x":0.833,"y":0.833},"s":[641.5,-227.25,0],"t":249,"ti":[0,0,0],"to":[0,0,0]},{"o":{"x":0.167,"y":0.167},"i":{"x":0.833,"y":0.833},"s":[641.5,386.75,0],"t":291,"ti":[0,0,0],"to":[0,0,0]},{"o":{"x":0.167,"y":0.167},"i":{"x":0.833,"y":0.833},"s":[641.5,-227.25,0],"t":342,"ti":[0,0,0],"to":[0,0,0]},{"o":{"x":0.167,"y":0.167},"i":{"x":0.833,"y":0.833},"s":[641.5,386.75,0],"t":358,"ti":[0,102.333335876465,0],"to":[0,0,0]},{"s":[641.5,-227.25,0],"t":409}],"ix":2},"r":{"a":0,"k":0,"ix":10},"sa":{"a":0,"k":0},"o":{"a":1,"k":[{"o":{"x":0.167,"y":0.167},"i":{"x":0.833,"y":0.833},"s":[0],"t":5},{"o":{"x":0.167,"y":0.167},"i":{"x":0.833,"y":0.833},"s":[100],"t":28},{"o":{"x":0.167,"y":0.167},"i":{"x":0.833,"y":0.833},"s":[0],"t":55},{"o":{"x":0.167,"y":0.167},"i":{"x":0.833,"y":0.833},"s":[0],"t":105},{"o":{"x":0.167,"y":0.167},"i":{"x":0.833,"y":0.833},"s":[100],"t":128},{"o":{"x":0.167,"y":0.167},"i":{"x":0.833,"y":0.833},"s":[0],"t":155},{"o":{"x":0.167,"y":0.167},"i":{"x":0.833,"y":0.833},"s":[0],"t":199},{"o":{"x":0.167,"y":0.167},"i":{"x":0.833,"y":0.833},"s":[100],"t":222},{"o":{"x":0.167,"y":0.167},"i":{"x":0.833,"y":0.833},"s":[0],"t":249},{"o":{"x":0.167,"y":0.167},"i":{"x":0.833,"y":0.833},"s":[0],"t":292},{"o":{"x":0.167,"y":0.167},"i":{"x":0.833,"y":0.833},"s":[100],"t":315},{"o":{"x":0.167,"y":0.167},"i":{"x":0.833,"y":0.833},"s":[0],"t":342},{"o":{"x":0.167,"y":0.167},"i":{"x":0.833,"y":0.833},"s":[0],"t":359},{"o":{"x":0.167,"y":0.167},"i":{"x":0.833,"y":0.833},"s":[100],"t":382},{"s":[0],"t":409}],"ix":11}},"ef":[],"shapes":[{"ty":"gr","bm":0,"hd":false,"mn":"ADBE Vector Group","nm":"Elipse 1","ix":1,"cix":2,"np":3,"it":[{"ty":"el","bm":0,"hd":false,"mn":"ADBE Vector Shape - Ellipse","nm":"Trazado elíptico 1","d":1,"p":{"a":0,"k":[0,0],"ix":3},"s":{"a":0,"k":[21,21],"ix":2}},{"ty":"st","bm":0,"hd":false,"mn":"ADBE Vector Graphic - Stroke","nm":"Trazo 1","lc":1,"lj":1,"ml":4,"o":{"a":0,"k":100,"ix":4},"w":{"a":0,"k":0,"ix":5},"c":{"a":0,"k":[1,1,1],"ix":3}},{"ty":"fl","bm":0,"hd":false,"mn":"ADBE Vector Graphic - Fill","nm":"Relleno 1","c":{"a":0,"k":[0.4667,0.9843,0.6745],"ix":4},"r":1,"o":{"a":0,"k":100,"ix":5}},{"ty":"tr","a":{"a":0,"k":[0,0],"ix":1},"s":{"a":0,"k":[79.02,79.02],"ix":3},"sk":{"a":0,"k":0,"ix":4},"p":{"a":0,"k":[-131,408.5],"ix":2},"r":{"a":0,"k":0,"ix":6},"sa":{"a":0,"k":0,"ix":5},"o":{"a":0,"k":100,"ix":7}}]}],"ind":6},{"ty":4,"nm":"bola 1","sr":1,"st":0,"op":750,"ip":0,"hd":false,"ddd":0,"bm":0,"hasMask":false,"ao":0,"ks":{"a":{"a":0,"k":[0,0,0],"ix":1},"s":{"a":0,"k":[100,100,100],"ix":6},"sk":{"a":0,"k":0},"p":{"a":1,"k":[{"o":{"x":0.167,"y":0.167},"i":{"x":0.833,"y":0.833},"s":[443.5,424.5,0],"t":0,"ti":[0,0,0],"to":[0,-122.666664123535,0]},{"o":{"x":0.167,"y":0.167},"i":{"x":0.833,"y":0.833},"s":[443.5,-311.5,0],"t":21,"ti":[0,0,0],"to":[0,0,0]},{"o":{"x":0.167,"y":0.167},"i":{"x":0.833,"y":0.833},"s":[443.5,424.5,0],"t":47,"ti":[0,0,0],"to":[0,0,0]},{"o":{"x":0.167,"y":0.167},"i":{"x":0.833,"y":0.833},"s":[443.5,-311.5,0],"t":68,"ti":[0,0,0],"to":[0,0,0]},{"o":{"x":0.167,"y":0.167},"i":{"x":0.833,"y":0.833},"s":[443.5,424.5,0],"t":92,"ti":[0,0,0],"to":[0,0,0]},{"o":{"x":0.167,"y":0.167},"i":{"x":0.833,"y":0.833},"s":[443.5,-311.5,0],"t":113,"ti":[0,0,0],"to":[0,0,0]},{"o":{"x":0.167,"y":0.167},"i":{"x":0.833,"y":0.833},"s":[443.5,424.5,0],"t":134,"ti":[0,0,0],"to":[0,0,0]},{"o":{"x":0.167,"y":0.167},"i":{"x":0.833,"y":0.833},"s":[443.5,-311.5,0],"t":155,"ti":[0,0,0],"to":[0,0,0]},{"o":{"x":0.167,"y":0.167},"i":{"x":0.833,"y":0.833},"s":[443.5,424.5,0],"t":177,"ti":[0,0,0],"to":[0,0,0]},{"o":{"x":0.167,"y":0.167},"i":{"x":0.833,"y":0.833},"s":[443.5,-311.5,0],"t":198,"ti":[0,0,0],"to":[0,0,0]},{"o":{"x":0.167,"y":0.167},"i":{"x":0.833,"y":0.833},"s":[443.5,424.5,0],"t":218,"ti":[0,0,0],"to":[0,0,0]},{"o":{"x":0.167,"y":0.167},"i":{"x":0.833,"y":0.833},"s":[443.5,-311.5,0],"t":239,"ti":[0,0,0],"to":[0,0,0]},{"o":{"x":0.167,"y":0.167},"i":{"x":0.833,"y":0.833},"s":[443.5,424.5,0],"t":257,"ti":[0,0,0],"to":[0,0,0]},{"o":{"x":0.167,"y":0.167},"i":{"x":0.833,"y":0.833},"s":[443.5,-311.5,0],"t":278,"ti":[0,0,0],"to":[0,0,0]},{"o":{"x":0.167,"y":0.167},"i":{"x":0.833,"y":0.833},"s":[443.5,424.5,0],"t":296,"ti":[0,0,0],"to":[0,0,0]},{"o":{"x":0.167,"y":0.167},"i":{"x":0.833,"y":0.833},"s":[443.5,-311.5,0],"t":317,"ti":[0,0,0],"to":[0,0,0]},{"o":{"x":0.167,"y":0.167},"i":{"x":0.833,"y":0.833},"s":[443.5,424.5,0],"t":338,"ti":[0,0,0],"to":[0,0,0]},{"o":{"x":0.167,"y":0.167},"i":{"x":0.833,"y":0.833},"s":[443.5,-311.5,0],"t":359,"ti":[0,0,0],"to":[0,0,0]},{"o":{"x":0.167,"y":0.167},"i":{"x":0.833,"y":0.833},"s":[443.5,424.5,0],"t":376,"ti":[0,122.666664123535,0],"to":[0,0,0]},{"s":[443.5,-311.5,0],"t":397}],"ix":2},"r":{"a":0,"k":0,"ix":10},"sa":{"a":0,"k":0},"o":{"a":1,"k":[{"o":{"x":0.167,"y":0.167},"i":{"x":0.833,"y":0.833},"s":[2],"t":0},{"o":{"x":0.167,"y":0.167},"i":{"x":0.833,"y":0.833},"s":[100],"t":12},{"o":{"x":0.167,"y":0.167},"i":{"x":0.833,"y":0.833},"s":[0],"t":21},{"o":{"x":0.167,"y":0.167},"i":{"x":0.833,"y":0.833},"s":[2],"t":47},{"o":{"x":0.167,"y":0.167},"i":{"x":0.833,"y":0.833},"s":[100],"t":59},{"o":{"x":0.167,"y":0.167},"i":{"x":0.833,"y":0.833},"s":[0],"t":68},{"o":{"x":0.167,"y":0.167},"i":{"x":0.833,"y":0.833},"s":[2],"t":92},{"o":{"x":0.167,"y":0.167},"i":{"x":0.833,"y":0.833},"s":[100],"t":104},{"o":{"x":0.167,"y":0.167},"i":{"x":0.833,"y":0.833},"s":[0],"t":113},{"o":{"x":0.167,"y":0.167},"i":{"x":0.833,"y":0.833},"s":[2],"t":134},{"o":{"x":0.167,"y":0.167},"i":{"x":0.833,"y":0.833},"s":[100],"t":146},{"o":{"x":0.167,"y":0.167},"i":{"x":0.833,"y":0.833},"s":[0],"t":155},{"o":{"x":0.167,"y":0.167},"i":{"x":0.833,"y":0.833},"s":[2],"t":177},{"o":{"x":0.167,"y":0.167},"i":{"x":0.833,"y":0.833},"s":[100],"t":189},{"o":{"x":0.167,"y":0.167},"i":{"x":0.833,"y":0.833},"s":[0],"t":198},{"o":{"x":0.167,"y":0.167},"i":{"x":0.833,"y":0.833},"s":[2],"t":218},{"o":{"x":0.167,"y":0.167},"i":{"x":0.833,"y":0.833},"s":[100],"t":230},{"o":{"x":0.167,"y":0.167},"i":{"x":0.833,"y":0.833},"s":[0],"t":239},{"o":{"x":0.167,"y":0.167},"i":{"x":0.833,"y":0.833},"s":[2],"t":257},{"o":{"x":0.167,"y":0.167},"i":{"x":0.833,"y":0.833},"s":[100],"t":269},{"o":{"x":0.167,"y":0.167},"i":{"x":0.833,"y":0.833},"s":[0],"t":278},{"o":{"x":0.167,"y":0.167},"i":{"x":0.833,"y":0.833},"s":[2],"t":296},{"o":{"x":0.167,"y":0.167},"i":{"x":0.833,"y":0.833},"s":[100],"t":308},{"o":{"x":0.167,"y":0.167},"i":{"x":0.833,"y":0.833},"s":[0],"t":317},{"o":{"x":0.167,"y":0.167},"i":{"x":0.833,"y":0.833},"s":[2],"t":338},{"o":{"x":0.167,"y":0.167},"i":{"x":0.833,"y":0.833},"s":[100],"t":350},{"o":{"x":0.167,"y":0.167},"i":{"x":0.833,"y":0.833},"s":[0],"t":359},{"o":{"x":0.167,"y":0.167},"i":{"x":0.833,"y":0.833},"s":[2],"t":376},{"o":{"x":0.167,"y":0.167},"i":{"x":0.833,"y":0.833},"s":[100],"t":388},{"s":[0],"t":397}],"ix":11}},"ef":[],"shapes":[{"ty":"gr","bm":0,"hd":false,"mn":"ADBE Vector Group","nm":"Elipse 1","ix":1,"cix":2,"np":3,"it":[{"ty":"el","bm":0,"hd":false,"mn":"ADBE Vector Shape - Ellipse","nm":"Trazado elíptico 1","d":1,"p":{"a":0,"k":[0,0],"ix":3},"s":{"a":0,"k":[21,21],"ix":2}},{"ty":"st","bm":0,"hd":false,"mn":"ADBE Vector Graphic - Stroke","nm":"Trazo 1","lc":1,"lj":1,"ml":4,"o":{"a":0,"k":100,"ix":4},"w":{"a":0,"k":0,"ix":5},"c":{"a":0,"k":[1,1,1],"ix":3}},{"ty":"fl","bm":0,"hd":false,"mn":"ADBE Vector Graphic - Fill","nm":"Relleno 1","c":{"a":0,"k":[0.4667,0.9843,0.6745],"ix":4},"r":1,"o":{"a":0,"k":100,"ix":5}},{"ty":"tr","a":{"a":0,"k":[0,0],"ix":1},"s":{"a":1,"k":[{"o":{"x":0.167,"y":0.167},"i":{"x":0.833,"y":0.833},"s":[79.02,79.02],"t":0},{"o":{"x":0.167,"y":0.167},"i":{"x":0.833,"y":0.833},"s":[79.02,79.02],"t":47},{"o":{"x":0.167,"y":0.167},"i":{"x":0.833,"y":0.833},"s":[79.02,79.02],"t":92},{"o":{"x":0.167,"y":0.167},"i":{"x":0.833,"y":0.833},"s":[79.02,79.02],"t":134},{"o":{"x":0.167,"y":0.167},"i":{"x":0.833,"y":0.833},"s":[79.02,79.02],"t":177},{"o":{"x":0.167,"y":0.167},"i":{"x":0.833,"y":0.833},"s":[79.02,79.02],"t":218},{"o":{"x":0.167,"y":0.167},"i":{"x":0.833,"y":0.833},"s":[79.02,79.02],"t":257},{"o":{"x":0.167,"y":0.167},"i":{"x":0.833,"y":0.833},"s":[79.02,79.02],"t":296},{"o":{"x":0.167,"y":0.167},"i":{"x":0.833,"y":0.833},"s":[79.02,79.02],"t":338},{"s":[79.02,79.02],"t":376}],"ix":3},"sk":{"a":0,"k":0,"ix":4},"p":{"a":0,"k":[-131,408.5],"ix":2},"r":{"a":0,"k":0,"ix":6},"sa":{"a":0,"k":0,"ix":5},"o":{"a":0,"k":100,"ix":7}}]}],"ind":7},{"ty":0,"nm":"gesto cara 2","sr":1,"st":272,"op":410,"ip":272,"hd":false,"ddd":0,"bm":0,"hasMask":false,"ao":0,"ks":{"a":{"a":0,"k":[600,600,0],"ix":1},"s":{"a":0,"k":[100,100,100],"ix":6},"sk":{"a":0,"k":0},"p":{"a":0,"k":[443.5,424.5,0],"ix":2},"r":{"a":0,"k":0,"ix":10},"sa":{"a":0,"k":0},"o":{"a":0,"k":100,"ix":11}},"ef":[],"w":1200,"h":1200,"refId":"comp_0","ind":8},{"ty":0,"nm":"gesto cara 2","sr":1,"st":136,"op":274,"ip":136,"hd":false,"ddd":0,"bm":0,"hasMask":false,"ao":0,"ks":{"a":{"a":0,"k":[600,600,0],"ix":1},"s":{"a":0,"k":[100,100,100],"ix":6},"sk":{"a":0,"k":0},"p":{"a":0,"k":[443.5,424.5,0],"ix":2},"r":{"a":0,"k":0,"ix":10},"sa":{"a":0,"k":0},"o":{"a":0,"k":100,"ix":11}},"ef":[],"w":1200,"h":1200,"refId":"comp_0","ind":9},{"ty":0,"nm":"gesto cara 2","sr":1,"st":0,"op":138,"ip":0,"hd":false,"ddd":0,"bm":0,"hasMask":false,"ao":0,"ks":{"a":{"a":0,"k":[600,600,0],"ix":1},"s":{"a":0,"k":[100,100,100],"ix":6},"sk":{"a":0,"k":0},"p":{"a":0,"k":[443.5,424.5,0],"ix":2},"r":{"a":0,"k":0,"ix":10},"sa":{"a":0,"k":0},"o":{"a":0,"k":100,"ix":11}},"ef":[],"w":1200,"h":1200,"refId":"comp_0","ind":10},{"ty":0,"nm":"mano derecha","sr":1,"st":0,"op":750,"ip":0,"hd":false,"ddd":0,"bm":0,"hasMask":false,"ao":0,"ks":{"a":{"a":0,"k":[832,560,0],"ix":1},"s":{"a":0,"k":[-100,100,100],"ix":6},"sk":{"a":0,"k":0},"p":{"a":1,"k":[{"o":{"x":0.167,"y":0.167},"i":{"x":0.833,"y":0.833},"s":[164,511.084,0],"t":0,"ti":[-0.28564816713333,-3.52547883987427,0],"to":[0,-5.59499740600586,0]},{"o":{"x":0.167,"y":0.167},"i":{"x":0.833,"y":0.833},"s":[150.455,392.595,0],"t":23,"ti":[0,-6.99612712860107,0],"to":[1.51566672325134,18.7064075469971,0]},{"o":{"x":0.167,"y":0.167},"i":{"x":0.833,"y":0.833},"s":[167.75,520.281,0],"t":47,"ti":[-0.05010076239705,-4.85125923156738,0],"to":[0,7.41094207763672,0]},{"o":{"x":0.167,"y":0.167},"i":{"x":0.833,"y":0.833},"s":[156.863,387.175,0],"t":69,"ti":[0,0,0],"to":[0.26290586590767,25.4571876525879,0]},{"o":{"x":0.167,"y":0.167},"i":{"x":0.833,"y":0.833},"s":[153.25,493.834,0],"t":93,"ti":[0,0,0],"to":[0,0,0]},{"o":{"x":0.167,"y":0.167},"i":{"x":0.833,"y":0.833},"s":[155.5,389.584,0],"t":113,"ti":[0,0,0],"to":[0,0,0]},{"o":{"x":0.167,"y":0.167},"i":{"x":0.833,"y":0.833},"s":[152.628,504.187,0],"t":136,"ti":[0,0,0],"to":[0,0,0]},{"o":{"x":0.167,"y":0.167},"i":{"x":0.833,"y":0.833},"s":[148.875,383.334,0],"t":161,"ti":[0,0,0],"to":[0,0,0]},{"o":{"x":0.167,"y":0.167},"i":{"x":0.833,"y":0.833},"s":[149,506.334,0],"t":182,"ti":[0,0,0],"to":[0,0,0]},{"o":{"x":0.167,"y":0.167},"i":{"x":0.833,"y":0.833},"s":[141.625,381.209,0],"t":204,"ti":[0,0,0],"to":[0,0,0]},{"o":{"x":0.167,"y":0.167},"i":{"x":0.833,"y":0.833},"s":[146.5,516.834,0],"t":229,"ti":[0,0,0],"to":[0,0,0]},{"o":{"x":0.167,"y":0.167},"i":{"x":0.833,"y":0.833},"s":[143.5,380.834,0],"t":252,"ti":[0,0,0],"to":[0,0,0]},{"o":{"x":0.167,"y":0.167},"i":{"x":0.833,"y":0.833},"s":[144.5,508.834,0],"t":271,"ti":[0,0,0],"to":[0,0,0]},{"o":{"x":0.167,"y":0.167},"i":{"x":0.833,"y":0.833},"s":[144.5,381.834,0],"t":295,"ti":[0,0,0],"to":[0,0,0]},{"o":{"x":0.167,"y":0.167},"i":{"x":0.833,"y":0.833},"s":[145.5,506.834,0],"t":317,"ti":[0,0,0],"to":[0,0,0]},{"o":{"x":0.167,"y":0.167},"i":{"x":0.833,"y":0.833},"s":[149.5,389.834,0],"t":340,"ti":[0,0,0],"to":[0,0,0]},{"o":{"x":0.167,"y":0.167},"i":{"x":0.833,"y":0.833},"s":[154.5,534.834,0],"t":364,"ti":[0,0,0],"to":[0,0,0]},{"o":{"x":0.167,"y":0.167},"i":{"x":0.833,"y":0.833},"s":[148.5,385.834,0],"t":384,"ti":[0,15,0],"to":[0,0,0]},{"s":[164,511.084,0],"t":406}],"ix":2},"r":{"a":1,"k":[{"o":{"x":0.167,"y":0.167},"i":{"x":0.833,"y":0.833},"s":[25.265],"t":0},{"o":{"x":0.167,"y":0.167},"i":{"x":0.833,"y":0.833},"s":[-0.735],"t":23},{"o":{"x":0.167,"y":0.167},"i":{"x":0.833,"y":0.833},"s":[38.265],"t":47},{"o":{"x":0.167,"y":0.167},"i":{"x":0.833,"y":0.833},"s":[6.265],"t":69},{"o":{"x":0.167,"y":0.167},"i":{"x":0.833,"y":0.833},"s":[40.265],"t":93},{"o":{"x":0.167,"y":0.167},"i":{"x":0.833,"y":0.833},"s":[15.265],"t":113},{"o":{"x":0.167,"y":0.167},"i":{"x":0.833,"y":0.833},"s":[46.265],"t":137},{"o":{"x":0.167,"y":0.167},"i":{"x":0.833,"y":0.833},"s":[10.265],"t":161},{"o":{"x":0.167,"y":0.167},"i":{"x":0.833,"y":0.833},"s":[44.265],"t":182},{"o":{"x":0.167,"y":0.167},"i":{"x":0.833,"y":0.833},"s":[9.265],"t":204},{"o":{"x":0.167,"y":0.167},"i":{"x":0.833,"y":0.833},"s":[42.265],"t":229},{"o":{"x":0.167,"y":0.167},"i":{"x":0.833,"y":0.833},"s":[7.265],"t":252},{"o":{"x":0.167,"y":0.167},"i":{"x":0.833,"y":0.833},"s":[39.265],"t":271},{"o":{"x":0.167,"y":0.167},"i":{"x":0.833,"y":0.833},"s":[3.265],"t":295},{"o":{"x":0.167,"y":0.167},"i":{"x":0.833,"y":0.833},"s":[34.265],"t":317},{"o":{"x":0.167,"y":0.167},"i":{"x":0.833,"y":0.833},"s":[14.265],"t":340},{"o":{"x":0.167,"y":0.167},"i":{"x":0.833,"y":0.833},"s":[57.265],"t":364},{"o":{"x":0.167,"y":0.167},"i":{"x":0.833,"y":0.833},"s":[13.265],"t":384},{"s":[25.265],"t":406}],"ix":10},"sa":{"a":0,"k":0},"o":{"a":0,"k":100,"ix":11}},"ef":[],"w":1200,"h":1200,"refId":"comp_2","ind":11},{"ty":0,"nm":"mano derecha","sr":1,"st":0,"op":750,"ip":0,"hd":false,"ddd":0,"bm":0,"hasMask":false,"ao":0,"ks":{"a":{"a":0,"k":[832,560,0],"ix":1},"s":{"a":0,"k":[100,100,100],"ix":6},"sk":{"a":0,"k":0},"p":{"a":1,"k":[{"o":{"x":0.167,"y":0.167},"i":{"x":0.833,"y":0.833},"s":[655.5,525.5,0],"t":0,"ti":[0.66666668653488,-0.5,0],"to":[1.66666662693024,-23.3333339691162,0]},{"o":{"x":0.167,"y":0.167},"i":{"x":0.833,"y":0.833},"s":[665.5,385.5,0],"t":23,"ti":[0,-0.5,0],"to":[-0.66666668653488,0.5,0]},{"o":{"x":0.167,"y":0.167},"i":{"x":0.833,"y":0.833},"s":[651.5,528.5,0],"t":47,"ti":[-2.33333325386047,0.16666667163372,0],"to":[0,0.5,0]},{"o":{"x":0.167,"y":0.167},"i":{"x":0.833,"y":0.833},"s":[665.5,388.5,0],"t":69,"ti":[0,0.83333331346512,0],"to":[2.33333325386047,-0.16666667163372,0]},{"o":{"x":0.167,"y":0.167},"i":{"x":0.833,"y":0.833},"s":[665.5,527.5,0],"t":92,"ti":[0,-0.83333331346512,0],"to":[0,-0.83333331346512,0]},{"o":{"x":0.167,"y":0.167},"i":{"x":0.833,"y":0.833},"s":[665.5,383.5,0],"t":114,"ti":[0,-0.33333334326744,0],"to":[0,0.83333331346512,0]},{"o":{"x":0.167,"y":0.167},"i":{"x":0.833,"y":0.833},"s":[665.5,532.5,0],"t":136,"ti":[0,0.16666667163372,0],"to":[0,0.33333334326744,0]},{"o":{"x":0.167,"y":0.167},"i":{"x":0.833,"y":0.833},"s":[665.5,385.5,0],"t":161,"ti":[0,0.16666667163372,0],"to":[0,-0.16666667163372,0]},{"o":{"x":0.167,"y":0.167},"i":{"x":0.833,"y":0.833},"s":[665.5,531.5,0],"t":182,"ti":[0,-0.66666668653488,0],"to":[0,-0.16666667163372,0]},{"o":{"x":0.167,"y":0.167},"i":{"x":0.833,"y":0.833},"s":[665.5,384.5,0],"t":204,"ti":[0,-0.5,0],"to":[0,0.66666668653488,0]},{"o":{"x":0.167,"y":0.167},"i":{"x":0.833,"y":0.833},"s":[665.5,535.5,0],"t":229,"ti":[0,0,0],"to":[0,0.5,0]},{"o":{"x":0.167,"y":0.167},"i":{"x":0.833,"y":0.833},"s":[665.5,387.5,0],"t":252,"ti":[0,0,0],"to":[0,0,0]},{"o":{"x":0.167,"y":0.167},"i":{"x":0.833,"y":0.833},"s":[665.5,535.5,0],"t":271,"ti":[0,0.16666667163372,0],"to":[0,0,0]},{"o":{"x":0.167,"y":0.167},"i":{"x":0.833,"y":0.833},"s":[665.5,387.5,0],"t":295,"ti":[0,-0.16666667163372,0],"to":[0,-0.16666667163372,0]},{"o":{"x":0.167,"y":0.167},"i":{"x":0.833,"y":0.833},"s":[665.5,534.5,0],"t":317,"ti":[0,-0.33333334326744,0],"to":[0,0.16666667163372,0]},{"o":{"x":0.167,"y":0.167},"i":{"x":0.833,"y":0.833},"s":[665.5,388.5,0],"t":340,"ti":[0,0.5,0],"to":[0,0.33333334326744,0]},{"o":{"x":0.167,"y":0.167},"i":{"x":0.833,"y":0.833},"s":[665.5,536.5,0],"t":364,"ti":[1.66666662693024,1.83333337306976,0],"to":[0,-0.5,0]},{"o":{"x":0.167,"y":0.167},"i":{"x":0.833,"y":0.833},"s":[665.5,385.5,0],"t":384,"ti":[1.66666662693024,-23.3333339691162,0],"to":[-1.66666662693024,-1.83333337306976,0]},{"s":[655.5,525.5,0],"t":406}],"ix":2},"r":{"a":1,"k":[{"o":{"x":0.167,"y":0.167},"i":{"x":0.833,"y":0.833},"s":[-36.408],"t":0},{"o":{"x":0.167,"y":0.167},"i":{"x":0.833,"y":0.833},"s":[-2.031],"t":23},{"o":{"x":0.167,"y":0.167},"i":{"x":0.833,"y":0.833},"s":[-45.508],"t":47},{"o":{"x":0.167,"y":0.167},"i":{"x":0.833,"y":0.833},"s":[-13.048],"t":69},{"o":{"x":0.167,"y":0.167},"i":{"x":0.833,"y":0.833},"s":[-58.6],"t":92},{"o":{"x":0.167,"y":0.167},"i":{"x":0.833,"y":0.833},"s":[-13.048],"t":114},{"o":{"x":0.167,"y":0.167},"i":{"x":0.833,"y":0.833},"s":[-58.6],"t":136},{"o":{"x":0.167,"y":0.167},"i":{"x":0.833,"y":0.833},"s":[-13.048],"t":161},{"o":{"x":0.167,"y":0.167},"i":{"x":0.833,"y":0.833},"s":[-58.6],"t":182},{"o":{"x":0.167,"y":0.167},"i":{"x":0.833,"y":0.833},"s":[-13.048],"t":203},{"o":{"x":0.167,"y":0.167},"i":{"x":0.833,"y":0.833},"s":[-58.6],"t":229},{"o":{"x":0.167,"y":0.167},"i":{"x":0.833,"y":0.833},"s":[-13.048],"t":253},{"o":{"x":0.167,"y":0.167},"i":{"x":0.833,"y":0.833},"s":[-58.6],"t":272},{"o":{"x":0.167,"y":0.167},"i":{"x":0.833,"y":0.833},"s":[-13.048],"t":295},{"o":{"x":0.167,"y":0.167},"i":{"x":0.833,"y":0.833},"s":[-58.6],"t":317},{"o":{"x":0.167,"y":0.167},"i":{"x":0.833,"y":0.833},"s":[-13.048],"t":340},{"o":{"x":0.167,"y":0.167},"i":{"x":0.833,"y":0.833},"s":[-58.6],"t":364},{"o":{"x":0.167,"y":0.167},"i":{"x":0.833,"y":0.833},"s":[-13.048],"t":384},{"s":[-36.408],"t":406}],"ix":10},"sa":{"a":0,"k":0},"o":{"a":0,"k":100,"ix":11}},"ef":[],"w":1200,"h":1200,"refId":"comp_2","ind":12}],"v":"5.3.4","fr":25,"op":408,"ip":0,"assets":[{"nm":"","id":"comp_0","layers":[{"ty":0,"nm":"antena","sr":1,"st":0,"op":750,"ip":0,"hd":false,"ddd":0,"bm":0,"hasMask":false,"ao":0,"ks":{"a":{"a":0,"k":[600,600,0],"ix":1},"s":{"a":0,"k":[100,100,100],"ix":6},"sk":{"a":0,"k":0},"p":{"a":1,"k":[{"o":{"x":0.167,"y":0.167},"i":{"x":0.833,"y":0.833},"s":[600,605,0],"t":0,"ti":[0,0,0],"to":[0,0,0]},{"o":{"x":0.167,"y":0.167},"i":{"x":0.833,"y":0.833},"s":[600,494.5,0],"t":24,"ti":[0,0,0],"to":[0,0,0]},{"o":{"x":0.167,"y":0.167},"i":{"x":0.833,"y":0.833},"s":[600,608,0],"t":45,"ti":[0,0,0],"to":[0,0,0]},{"o":{"x":0.167,"y":0.167},"i":{"x":0.833,"y":0.833},"s":[600,490.201,0],"t":68,"ti":[0,0,0],"to":[0,0,0]},{"o":{"x":0.167,"y":0.167},"i":{"x":0.833,"y":0.833},"s":[600,613,0],"t":92,"ti":[0,0,0],"to":[0,0,0]},{"o":{"x":0.167,"y":0.167},"i":{"x":0.833,"y":0.833},"s":[600,494,0],"t":114,"ti":[0,0,0],"to":[0,0,0]},{"s":[600,607.5,0],"t":135}],"ix":2},"r":{"a":0,"k":0,"ix":10},"sa":{"a":0,"k":0},"o":{"a":0,"k":100,"ix":11}},"ef":[],"w":1200,"h":1200,"refId":"comp_1","ind":1},{"ty":4,"nm":"Capa de formas 20","sr":1,"st":0,"op":750,"ip":0,"hd":false,"ddd":0,"bm":0,"hasMask":true,"ao":0,"ks":{"a":{"a":0,"k":[0,0,0],"ix":1},"s":{"a":0,"k":[100,100,100],"ix":6},"sk":{"a":0,"k":0},"p":{"a":1,"k":[{"o":{"x":0.167,"y":0.167},"i":{"x":0.833,"y":0.833},"s":[600,704,0],"t":0,"ti":[0,-0.66666668653488,0],"to":[0,-18.3333339691162,0]},{"o":{"x":0.167,"y":0.167},"i":{"x":0.833,"y":0.833},"s":[600,594,0],"t":24,"ti":[0,0.66666668653488,0],"to":[0,0.66666668653488,0]},{"o":{"x":0.167,"y":0.167},"i":{"x":0.833,"y":0.833},"s":[600,708,0],"t":45,"ti":[0,-0.66666668653488,0],"to":[0,-0.66666668653488,0]},{"o":{"x":0.167,"y":0.167},"i":{"x":0.833,"y":0.833},"s":[600,590,0],"t":68,"ti":[0,-0.66666668653488,0],"to":[0,0.66666668653488,0]},{"o":{"x":0.167,"y":0.167},"i":{"x":0.833,"y":0.833},"s":[600,712,0],"t":92,"ti":[0,1,0],"to":[0,0.66666668653488,0]},{"o":{"x":0.167,"y":0.167},"i":{"x":0.833,"y":0.833},"s":[600,594,0],"t":114,"ti":[0,-18.6666660308838,0],"to":[0,-1,0]},{"s":[600,706,0],"t":135}],"ix":2},"r":{"a":0,"k":0,"ix":10},"sa":{"a":0,"k":0},"o":{"a":0,"k":100,"ix":11}},"ef":[],"masksProperties":[{"nm":"Máscara 1","inv":false,"mode":"f","x":{"a":0,"k":0,"ix":4},"o":{"a":0,"k":100,"ix":3},"pt":{"a":0,"k":{"c":true,"i":[[18.087,-20.913],[-62.141,35.67],[32.2,-0.765]],"o":[[0,0],[0,0],[-13.072,0.311]],"v":[[-89.954,-275.4],[20.954,-275.4],[-36.361,-302.504]]},"ix":1}}],"shapes":[{"ty":"gr","bm":0,"hd":false,"mn":"ADBE Vector Group","nm":"Rectángulo 1","ix":1,"cix":2,"np":3,"it":[{"ty":"rc","bm":0,"hd":false,"mn":"ADBE Vector Shape - Rect","nm":"Trazado de rectángulo 1","d":1,"p":{"a":0,"k":[0,0],"ix":3},"r":{"a":0,"k":20,"ix":4},"s":{"a":0,"k":[144,64],"ix":2}},{"ty":"st","bm":0,"hd":false,"mn":"ADBE Vector Graphic - Stroke","nm":"Trazo 1","lc":1,"lj":1,"ml":4,"o":{"a":0,"k":100,"ix":4},"w":{"a":0,"k":0,"ix":5},"c":{"a":0,"k":[1,1,1],"ix":3}},{"ty":"fl","bm":0,"hd":false,"mn":"ADBE Vector Graphic - Fill","nm":"Relleno 1","c":{"a":0,"k":[0.8431,0.8431,0.8431],"ix":4},"r":1,"o":{"a":0,"k":100,"ix":5}},{"ty":"tr","a":{"a":0,"k":[0,0],"ix":1},"s":{"a":0,"k":[100,100],"ix":3},"sk":{"a":0,"k":0,"ix":4},"p":{"a":0,"k":[-34,-291],"ix":2},"r":{"a":0,"k":0,"ix":6},"sa":{"a":0,"k":0,"ix":5},"o":{"a":0,"k":100,"ix":7}}]}],"ind":2},{"ty":4,"nm":"Capa de formas 19","sr":1,"st":0,"op":750,"ip":0,"hd":false,"ddd":0,"bm":0,"hasMask":false,"ao":0,"ks":{"a":{"a":0,"k":[0,0,0],"ix":1},"s":{"a":0,"k":[100,100,100],"ix":6},"sk":{"a":0,"k":0},"p":{"a":1,"k":[{"o":{"x":0.167,"y":0.167},"i":{"x":0.833,"y":0.833},"s":[600,704,0],"t":0,"ti":[0,-0.66666668653488,0],"to":[0,-18.3333339691162,0]},{"o":{"x":0.167,"y":0.167},"i":{"x":0.833,"y":0.833},"s":[600,594,0],"t":24,"ti":[0,0.66666668653488,0],"to":[0,0.66666668653488,0]},{"o":{"x":0.167,"y":0.167},"i":{"x":0.833,"y":0.833},"s":[600,708,0],"t":45,"ti":[0,-0.66666668653488,0],"to":[0,-0.66666668653488,0]},{"o":{"x":0.167,"y":0.167},"i":{"x":0.833,"y":0.833},"s":[600,590,0],"t":68,"ti":[0,-0.66666668653488,0],"to":[0,0.66666668653488,0]},{"o":{"x":0.167,"y":0.167},"i":{"x":0.833,"y":0.833},"s":[600,712,0],"t":92,"ti":[0,15.6666669845581,0],"to":[0,0.66666668653488,0]},{"o":{"x":0.167,"y":0.167},"i":{"x":0.833,"y":0.833},"s":[600,594,0],"t":114,"ti":[0,-18.6666660308838,0],"to":[0,-15.6666669845581,0]},{"o":{"x":0.167,"y":0.167},"i":{"x":0.833,"y":0.833},"s":[600,618,0],"t":132,"ti":[0,-5.27701091766357,0],"to":[0,3.37376236915588,0]},{"o":{"x":0.167,"y":0.167},"i":{"x":0.833,"y":0.833},"s":[600,743.201,0],"t":135,"ti":[0,-12.0158538818359,0],"to":[0,23.9201259613037,0]},{"s":[600,706,0],"t":152}],"ix":2},"r":{"a":0,"k":0,"ix":10},"sa":{"a":0,"k":0},"o":{"a":0,"k":100,"ix":11}},"ef":[],"shapes":[{"ty":"gr","bm":0,"hd":false,"mn":"ADBE Vector Group","nm":"Forma 1","ix":1,"cix":2,"np":2,"it":[{"ty":"st","bm":0,"hd":false,"mn":"ADBE Vector Graphic - Stroke","nm":"Trazo 1","lc":1,"lj":1,"ml":4,"o":{"a":0,"k":100,"ix":4},"w":{"a":0,"k":0,"ix":5},"c":{"a":0,"k":[1,1,1],"ix":3}},{"ty":"fl","bm":0,"hd":false,"mn":"ADBE Vector Graphic - Fill","nm":"Relleno 1","c":{"a":0,"k":[0.4471,1,0.9843],"ix":4},"r":1,"o":{"a":0,"k":100,"ix":5}},{"ty":"tr","a":{"a":0,"k":[0,0],"ix":1},"s":{"a":0,"k":[100,100],"ix":3},"sk":{"a":0,"k":0,"ix":4},"p":{"a":0,"k":[0,0],"ix":2},"r":{"a":0,"k":0,"ix":6},"sa":{"a":0,"k":0,"ix":5},"o":{"a":0,"k":100,"ix":7}}]}],"ind":3},{"ty":4,"nm":"Capa de formas 8","sr":1,"st":0,"op":750,"ip":0,"hd":false,"ddd":0,"bm":0,"hasMask":true,"ao":0,"ks":{"a":{"a":0,"k":[0,0,0],"ix":1},"s":{"a":0,"k":[100,100,100],"ix":6},"sk":{"a":0,"k":0},"p":{"a":1,"k":[{"o":{"x":0.167,"y":0.167},"i":{"x":0.833,"y":0.833},"s":[600,704,0],"t":0,"ti":[0,-0.66666668653488,0],"to":[0.02083333395422,-18.3333339691162,0]},{"o":{"x":0.167,"y":0.167},"i":{"x":0.833,"y":0.833},"s":[600.125,594,0],"t":24,"ti":[0.02083333395422,0.66666668653488,0],"to":[0,0.66666668653488,0]},{"o":{"x":0.167,"y":0.167},"i":{"x":0.833,"y":0.833},"s":[600,708,0],"t":45,"ti":[0,-0.66666668653488,0],"to":[-0.02083333395422,-0.66666668653488,0]},{"o":{"x":0.167,"y":0.167},"i":{"x":0.833,"y":0.833},"s":[600,590,0],"t":68,"ti":[0,-0.66666668653488,0],"to":[0,0.66666668653488,0]},{"o":{"x":0.167,"y":0.167},"i":{"x":0.833,"y":0.833},"s":[600,712,0],"t":92,"ti":[0,1,0],"to":[0,0.66666668653488,0]},{"o":{"x":0.167,"y":0.167},"i":{"x":0.833,"y":0.833},"s":[600,594,0],"t":114,"ti":[0,-18.6666660308838,0],"to":[0,-1,0]},{"s":[600,706,0],"t":135}],"ix":2},"r":{"a":0,"k":0,"ix":10},"sa":{"a":0,"k":0},"o":{"a":1,"k":[{"o":{"x":0.333,"y":0},"i":{"x":0.667,"y":1},"s":[100],"t":13},{"o":{"x":0.333,"y":0},"i":{"x":0.667,"y":1},"s":[0],"t":21},{"o":{"x":0.333,"y":0},"i":{"x":0.667,"y":1},"s":[0],"t":129},{"s":[100],"t":137}],"ix":11}},"ef":[],"masksProperties":[{"nm":"Máscara 1","inv":false,"mode":"f","x":{"a":0,"k":0,"ix":4},"o":{"a":0,"k":100,"ix":3},"pt":{"a":0,"k":{"c":true,"i":[[-1.486,1.352],[0,0],[-13.228,-17.763],[0,0],[7.682,7.717],[14.545,-12.624]],"o":[[0,0],[5.649,-5.388],[0,0],[2.746,1.576],[-10.789,-10.838],[-11.474,9.958]],"v":[[-46.859,-10.81],[-40.869,-17.82],[3.508,-12.695],[5.909,-9.471],[5.195,-22.745],[-44.765,-24.834]]},"ix":1}}],"shapes":[{"ty":"gr","bm":0,"hd":false,"mn":"ADBE Vector Group","nm":"Elipse 1","ix":1,"cix":2,"np":3,"it":[{"ty":"el","bm":0,"hd":false,"mn":"ADBE Vector Shape - Ellipse","nm":"Trazado elíptico 1","d":1,"p":{"a":0,"k":[0,0],"ix":3},"s":{"a":0,"k":[125,60.5],"ix":2}},{"ty":"st","bm":0,"hd":false,"mn":"ADBE Vector Graphic - Stroke","nm":"Trazo 1","lc":1,"lj":1,"ml":4,"o":{"a":0,"k":100,"ix":4},"w":{"a":0,"k":0,"ix":5},"c":{"a":0,"k":[1,1,1],"ix":3}},{"ty":"fl","bm":0,"hd":false,"mn":"ADBE Vector Graphic - Fill","nm":"Relleno 1","c":{"a":0,"k":[0.4431,0.8902,1],"ix":4},"r":1,"o":{"a":0,"k":100,"ix":5}},{"ty":"tr","a":{"a":0,"k":[0,0],"ix":1},"s":{"a":0,"k":[100,130.811],"ix":3},"sk":{"a":0,"k":0,"ix":4},"p":{"a":0,"k":[-18,-2.25],"ix":2},"r":{"a":0,"k":0,"ix":6},"sa":{"a":0,"k":0,"ix":5},"o":{"a":0,"k":100,"ix":7}}]}],"ind":4},{"ty":4,"nm":"cara contornos","sr":1,"st":0,"op":750,"ip":0,"hd":false,"ddd":0,"bm":0,"hasMask":false,"ao":0,"ks":{"a":{"a":0,"k":[246,155.5,0],"ix":1},"s":{"a":0,"k":[100,100,100],"ix":6},"sk":{"a":0,"k":0},"p":{"a":1,"k":[{"o":{"x":0.167,"y":0.167},"i":{"x":0.833,"y":0.833},"s":[567,602.868,0],"t":0,"ti":[0,-0.33333334326744,0],"to":[0,-18.3333339691162,0]},{"o":{"x":0.167,"y":0.167},"i":{"x":0.833,"y":0.833},"s":[567,492.868,0],"t":24,"ti":[0,0.5,0],"to":[0,0.33333334326744,0]},{"o":{"x":0.167,"y":0.167},"i":{"x":0.833,"y":0.833},"s":[567,604.868,0],"t":45,"ti":[0,0.16666667163372,0],"to":[0,-0.5,0]},{"o":{"x":0.167,"y":0.167},"i":{"x":0.833,"y":0.833},"s":[567,489.868,0],"t":68,"ti":[0,-0.5,0],"to":[0,-0.16666667163372,0]},{"o":{"x":0.167,"y":0.167},"i":{"x":0.833,"y":0.833},"s":[567,603.868,0],"t":92,"ti":[0,-0.33333334326744,0],"to":[0,0.5,0]},{"o":{"x":0.167,"y":0.167},"i":{"x":0.833,"y":0.833},"s":[567,492.868,0],"t":114,"ti":[0,-18.8333339691162,0],"to":[0,0.33333334326744,0]},{"s":[567,605.868,0],"t":135}],"ix":2},"r":{"a":0,"k":0,"ix":10},"sa":{"a":0,"k":0},"o":{"a":0,"k":100,"ix":11}},"ef":[{"ty":0,"mn":"ADBE 4ColorGradient","nm":"Degradado de 4 colores","ix":1,"en":1,"ef":[{"ty":6,"mn":"ADBE 4ColorGradient-0011","nm":"Posiciones y colores","ix":1,"v":0},{"ty":3,"mn":"ADBE 4ColorGradient-0001","nm":"Punto 1","ix":2,"v":{"a":0,"k":[120,120],"ix":2}},{"ty":2,"mn":"ADBE 4ColorGradient-0002","nm":"Color 1","ix":3,"v":{"a":1,"k":[{"o":{"x":0.167,"y":0.167},"i":{"x":0.833,"y":0.833},"s":[0,0,0.251],"t":0},{"s":[0,0,0.251],"t":68}],"ix":3}},{"ty":3,"mn":"ADBE 4ColorGradient-0003","nm":"Punto 2","ix":4,"v":{"a":0,"k":[1080,120],"ix":4}},{"ty":2,"mn":"ADBE 4ColorGradient-0004","nm":"Color 2","ix":5,"v":{"a":1,"k":[{"o":{"x":0.167,"y":0.167},"i":{"x":0.833,"y":0.833},"s":[0,0.502,1],"t":0},{"s":[0,0.502,1],"t":68}],"ix":5}},{"ty":3,"mn":"ADBE 4ColorGradient-0005","nm":"Punto 3","ix":6,"v":{"a":0,"k":[120,1080],"ix":6}},{"ty":2,"mn":"ADBE 4ColorGradient-0006","nm":"Color 3","ix":7,"v":{"a":1,"k":[{"o":{"x":0.167,"y":0.167},"i":{"x":0.833,"y":0.833},"s":[0,0,0.502],"t":0},{"s":[0,0,0.502],"t":68}],"ix":7}},{"ty":3,"mn":"ADBE 4ColorGradient-0007","nm":"Punto 4","ix":8,"v":{"a":0,"k":[1080,988],"ix":8}},{"ty":2,"mn":"ADBE 4ColorGradient-0008","nm":"Color 4","ix":9,"v":{"a":1,"k":[{"o":{"x":0.167,"y":0.167},"i":{"x":0.833,"y":0.833},"s":[0.0078,0.1059,0.349],"t":0},{"s":[0,0,0.251],"t":68}],"ix":9}},{"ty":6,"mn":"ADBE 4ColorGradient-0012","nm":"Color 4","ix":10,"v":0},{"ty":0,"mn":"ADBE 4ColorGradient-0009","nm":"Fusionar","ix":11,"v":{"a":0,"k":259.133,"ix":11}},{"ty":0,"mn":"ADBE 4ColorGradient-0010","nm":"Variación","ix":12,"v":{"a":0,"k":0,"ix":12}},{"ty":0,"mn":"ADBE 4ColorGradient-0013","nm":"Opacidad","ix":13,"v":{"a":0,"k":100,"ix":13}},{"ty":7,"mn":"ADBE 4ColorGradient-0014","nm":"Modo de fusión","ix":14,"v":{"a":0,"k":1,"ix":14}}]}],"shapes":[{"ty":"gr","bm":0,"hd":false,"mn":"ADBE Vector Group","nm":"Grupo 1","ix":1,"cix":2,"np":5,"it":[{"ty":"sh","bm":0,"hd":false,"mn":"ADBE Vector Shape - Group","nm":"Trazado 1","ix":1,"d":1,"ks":{"a":0,"k":{"c":true,"i":[[0,0],[0,-51.914],[-59.81,0],[0,0],[0,51.916],[59.811,0]],"o":[[-59.812,0],[0,51.916],[0,0],[59.811,0],[0,-51.914],[0,0]],"v":[[-117.792,-139.721],[-226.54,-45.331],[-114.854,139.721],[120.73,139.721],[226.54,-45.331],[117.791,-139.721]]},"ix":2}},{"ty":"sh","bm":0,"hd":false,"mn":"ADBE Vector Shape - Group","nm":"Trazado 2","ix":2,"d":1,"ks":{"a":1,"k":[{"o":{"x":0.333,"y":0},"i":{"x":0.833,"y":0.833},"s":[{"c":true,"i":[[0,20.392],[0,0],[-20.393,0],[0,-20.393],[0,0],[20.393,0]],"o":[[0,0],[0,-20.393],[20.393,0],[0,0],[0,20.392],[-20.393,0]],"v":[[62.851,20.122],[62.851,-35.947],[99.929,-73.025],[137.007,-35.947],[137.007,20.122],[99.929,57.201]]}],"t":14},{"o":{"x":0.167,"y":0.167},"i":{"x":0.833,"y":0.833},"s":[{"c":true,"i":[[-0.187,7.237],[-1.509,3.137],[-6.564,0.031],[-1.742,-2.997],[0,0],[7.497,0.062]],"o":[[0,0],[1.509,-3.23],[6.564,-0.031],[1.742,2.904],[-0.124,9.228],[-5.465,-0.045]],"v":[[-13.981,80.413],[-12.581,73.89],[-1.306,67.408],[10.435,73.346],[12.302,79.417],[-1.368,92.579]]}],"t":20},{"o":{"x":0.167,"y":0.167},"i":{"x":0.667,"y":1},"s":[{"c":true,"i":[[-0.187,7.237],[-1.509,3.137],[-6.564,0.031],[-1.742,-2.997],[0,0],[7.497,0.062]],"o":[[0,0],[1.509,-3.23],[6.564,-0.031],[1.742,2.904],[-0.124,9.228],[-5.465,-0.045]],"v":[[-13.981,80.413],[-12.581,73.89],[-1.306,67.408],[10.435,73.346],[12.302,79.417],[-1.368,92.579]]}],"t":134},{"s":[{"c":true,"i":[[0,20.392],[0,0],[-20.393,0],[0,-20.393],[0,0],[20.393,0]],"o":[[0,0],[0,-20.393],[20.393,0],[0,0],[0,20.392],[-20.393,0]],"v":[[62.851,20.122],[62.851,-35.947],[99.929,-73.025],[137.007,-35.947],[137.007,20.122],[99.929,57.201]]}],"t":138}],"ix":2}},{"ty":"sh","bm":0,"hd":false,"mn":"ADBE Vector Shape - Group","nm":"Trazado 3","ix":3,"d":1,"ks":{"a":1,"k":[{"o":{"x":0.333,"y":0},"i":{"x":0.833,"y":0.833},"s":[{"c":true,"i":[[0,20.392],[0,0],[-20.393,0],[0,-20.393],[0,0],[20.393,0]],"o":[[0,0],[0,-20.393],[20.393,0],[0,0],[0,20.392],[-20.393,0]],"v":[[-129.775,20.122],[-129.775,-35.947],[-92.697,-73.025],[-55.618,-35.947],[-55.618,20.122],[-92.697,57.201]]}],"t":14},{"o":{"x":0.167,"y":0.167},"i":{"x":0.833,"y":0.833},"s":[{"c":true,"i":[[0,0.695],[0,0],[-20.393,0],[0,-20.393],[0,0],[4.759,-0.059]],"o":[[0,0],[0,-20.393],[20.393,0],[0,0],[0,0.695],[-5.741,0.071]],"v":[[-17.07,-9.613],[-22.07,-46.683],[-1.492,-96.261],[20.086,-45.683],[15.586,-12.113],[-1.492,51.465]]}],"t":20},{"o":{"x":0.167,"y":0.167},"i":{"x":0.667,"y":1},"s":[{"c":true,"i":[[0,0.695],[0,0],[-20.393,0],[0,-20.393],[0,0],[4.759,-0.059]],"o":[[0,0],[0,-20.393],[20.393,0],[0,0],[0,0.695],[-5.741,0.071]],"v":[[-17.07,-9.613],[-22.07,-46.683],[-1.492,-96.261],[20.086,-45.683],[15.586,-12.113],[-1.492,51.465]]}],"t":134},{"s":[{"c":true,"i":[[0,20.392],[0,0],[-20.393,0],[0,-20.393],[0,0],[20.393,0]],"o":[[0,0],[0,-20.393],[20.393,0],[0,0],[0,20.392],[-20.393,0]],"v":[[-129.775,20.122],[-129.775,-35.947],[-92.697,-73.025],[-55.618,-35.947],[-55.618,20.122],[-92.697,57.201]]}],"t":138}],"ix":2}},{"ty":"mm","bm":0,"hd":false,"mn":"ADBE Vector Filter - Merge","nm":"Combinar trazados 1","mm":1},{"ty":"fl","bm":0,"hd":false,"mn":"ADBE Vector Graphic - Fill","nm":"Relleno 1","c":{"a":0,"k":[0,0,0.502],"ix":4},"r":1,"o":{"a":0,"k":100,"ix":5}},{"ty":"tr","a":{"a":0,"k":[0,0],"ix":1},"s":{"a":0,"k":[100,100],"ix":3},"sk":{"a":0,"k":0,"ix":4},"p":{"a":0,"k":[251.734,161.432],"ix":2},"r":{"a":0,"k":0,"ix":6},"sa":{"a":0,"k":0,"ix":5},"o":{"a":0,"k":100,"ix":7}}]}],"ind":5},{"ty":4,"nm":"Capa de formas 6","sr":1,"st":0,"op":750,"ip":0,"hd":false,"ddd":0,"bm":0,"hasMask":false,"ao":0,"ks":{"a":{"a":0,"k":[0,0,0],"ix":1},"s":{"a":0,"k":[100,100,100],"ix":6},"sk":{"a":0,"k":0},"p":{"a":1,"k":[{"o":{"x":0.167,"y":0.167},"i":{"x":0.833,"y":0.833},"s":[788.155,708.116,0],"t":0,"ti":[0,3,0],"to":[0,-18.6666660308838,0]},{"o":{"x":0.167,"y":0.167},"i":{"x":0.833,"y":0.833},"s":[788.155,596.116,0],"t":24,"ti":[0.16666667163372,-0.16666667163372,0],"to":[0,-3,0]},{"o":{"x":0.167,"y":0.167},"i":{"x":0.833,"y":0.833},"s":[788.155,690.116,0],"t":41,"ti":[0.31667223572731,15.5157852172852,0],"to":[-0.05975043028593,0.05975043028593,0]},{"o":{"x":0.167,"y":0.167},"i":{"x":0.833,"y":0.833},"s":[811.466,738.532,0],"t":49,"ti":[2.02943849563599,12.9068174362183,0],"to":[-0.12879307568073,-6.31039094924927,0]},{"o":{"x":0.167,"y":0.167},"i":{"x":0.833,"y":0.833},"s":[807.938,724.518,0],"t":53,"ti":[1.51643717288971,9.26477909088135,0],"to":[-1.1828418970108,-7.52263498306274,0]},{"o":{"x":0.167,"y":0.167},"i":{"x":0.833,"y":0.833},"s":[807.832,713.02,0],"t":56,"ti":[1.17567992210388,6.77774858474731,0],"to":[-0.98863339424133,-6.04012441635132,0]},{"o":{"x":0.167,"y":0.167},"i":{"x":0.833,"y":0.833},"s":[810.56,695.672,0],"t":58,"ti":[3.07974815368652,13.1226968765259,0],"to":[-2.21258616447449,-12.7554721832275,0]},{"o":{"x":0.167,"y":0.167},"i":{"x":0.833,"y":0.833},"s":[766.298,681.991,0],"t":62,"ti":[-6.61111497879028,17.8611507415771,0],"to":[-3.95665264129639,-16.8591556549072,0]},{"o":{"x":0.167,"y":0.167},"i":{"x":0.833,"y":0.833},"s":[767.064,662.13,0],"t":66,"ti":[-0.15241129696369,-0.17499074339867,0],"to":[5.77845096588135,-15.6115550994873,0]},{"o":{"x":0.167,"y":0.167},"i":{"x":0.833,"y":0.833},"s":[787.155,613.116,0],"t":71,"ti":[0,-2.83333325386047,0],"to":[4.5,5.16666650772095,0]},{"o":{"x":0.167,"y":0.167},"i":{"x":0.833,"y":0.833},"s":[787.155,712.116,0],"t":92,"ti":[0,26.3457489013672,0],"to":[0,2.51531028747559,0]},{"o":{"x":0.167,"y":0.167},"i":{"x":0.833,"y":0.833},"s":[787.155,604.972,0],"t":115,"ti":[-0.33333334326744,0,0],"to":[0,-3.33102202415466,0]},{"o":{"x":0.167,"y":0.167},"i":{"x":0.833,"y":0.833},"s":[813.155,588.972,0],"t":119,"ti":[0,-0.33333334326744,0],"to":[0.33333334326744,0,0]},{"o":{"x":0.167,"y":0.167},"i":{"x":0.833,"y":0.833},"s":[813.155,606.972,0],"t":122,"ti":[0,-0.33333334326744,0],"to":[0,0.33333334326744,0]},{"o":{"x":0.167,"y":0.167},"i":{"x":0.833,"y":0.833},"s":[759.155,644.972,0],"t":128,"ti":[0,-0.33333334326744,0],"to":[0,0.33333334326744,0]},{"o":{"x":0.167,"y":0.167},"i":{"x":0.833,"y":0.833},"s":[761.155,672.972,0],"t":132,"ti":[-4.5,-5.85725927352905,0],"to":[0,0.33333334326744,0]},{"s":[788.155,708.116,0],"t":138}],"ix":2},"r":{"a":0,"k":0,"ix":10},"sa":{"a":0,"k":0},"o":{"a":0,"k":100,"ix":11}},"ef":[],"shapes":[{"ty":"gr","bm":0,"hd":false,"mn":"ADBE Vector Group","nm":"Rectángulo 1","ix":1,"cix":2,"np":3,"it":[{"ty":"rc","bm":0,"hd":false,"mn":"ADBE Vector Shape - Rect","nm":"Trazado de rectángulo 1","d":1,"p":{"a":0,"k":[0,0],"ix":3},"r":{"a":0,"k":20,"ix":4},"s":{"a":0,"k":[25,55],"ix":2}},{"ty":"st","bm":0,"hd":false,"mn":"ADBE Vector Graphic - Stroke","nm":"Trazo 1","lc":1,"lj":1,"ml":4,"o":{"a":0,"k":100,"ix":4},"w":{"a":0,"k":0,"ix":5},"c":{"a":0,"k":[1,1,1],"ix":3}},{"ty":"fl","bm":0,"hd":false,"mn":"ADBE Vector Graphic - Fill","nm":"Relleno 1","c":{"a":0,"k":[1,1,1],"ix":4},"r":1,"o":{"a":0,"k":100,"ix":5}},{"ty":"tr","a":{"a":0,"k":[0,0],"ix":1},"s":{"a":0,"k":[100,100],"ix":3},"sk":{"a":0,"k":0,"ix":4},"p":{"a":0,"k":[-114.5,-108.5],"ix":2},"r":{"a":0,"k":0,"ix":6},"sa":{"a":0,"k":0,"ix":5},"o":{"a":0,"k":100,"ix":7}}]}],"ind":6},{"ty":4,"nm":"Capa de formas 5","sr":1,"st":0,"op":750,"ip":0,"hd":false,"ddd":0,"bm":0,"hasMask":false,"ao":0,"ks":{"a":{"a":0,"k":[0,0,0],"ix":1},"s":{"a":0,"k":[100,100,100],"ix":6},"sk":{"a":0,"k":0},"p":{"a":1,"k":[{"o":{"x":0.167,"y":0.167},"i":{"x":0.833,"y":0.833},"s":[597.155,708.116,0],"t":0,"ti":[0,3,0],"to":[0,-18.6666660308838,0]},{"o":{"x":0.167,"y":0.167},"i":{"x":0.833,"y":0.833},"s":[597.155,596.116,0],"t":24,"ti":[0.16666667163372,-0.16666667163372,0],"to":[0,-3,0]},{"o":{"x":0.167,"y":0.167},"i":{"x":0.833,"y":0.833},"s":[597.155,690.116,0],"t":41,"ti":[0.31667223572731,15.5157852172852,0],"to":[-0.05975043028593,0.05975043028593,0]},{"o":{"x":0.167,"y":0.167},"i":{"x":0.833,"y":0.833},"s":[620.466,738.532,0],"t":49,"ti":[2.02943849563599,12.9068174362183,0],"to":[-0.12879307568073,-6.31039094924927,0]},{"o":{"x":0.167,"y":0.167},"i":{"x":0.833,"y":0.833},"s":[616.938,724.518,0],"t":53,"ti":[1.51643717288971,9.26477909088135,0],"to":[-1.1828418970108,-7.52263498306274,0]},{"o":{"x":0.167,"y":0.167},"i":{"x":0.833,"y":0.833},"s":[616.832,713.02,0],"t":56,"ti":[1.17567992210388,6.77774858474731,0],"to":[-0.98863339424133,-6.04012441635132,0]},{"o":{"x":0.167,"y":0.167},"i":{"x":0.833,"y":0.833},"s":[619.56,695.672,0],"t":58,"ti":[3.07974815368652,13.1226968765259,0],"to":[-2.21258616447449,-12.7554721832275,0]},{"o":{"x":0.167,"y":0.167},"i":{"x":0.833,"y":0.833},"s":[575.298,681.991,0],"t":62,"ti":[-6.61111497879028,17.8611507415771,0],"to":[-3.95665264129639,-16.8591556549072,0]},{"o":{"x":0.167,"y":0.167},"i":{"x":0.833,"y":0.833},"s":[576.064,662.13,0],"t":66,"ti":[-0.15241129696369,-0.17499074339867,0],"to":[5.77845096588135,-15.6115550994873,0]},{"o":{"x":0.167,"y":0.167},"i":{"x":0.833,"y":0.833},"s":[596.155,613.116,0],"t":71,"ti":[0,-2.83333325386047,0],"to":[4.5,5.16666650772095,0]},{"o":{"x":0.167,"y":0.167},"i":{"x":0.833,"y":0.833},"s":[596.155,712.116,0],"t":92,"ti":[0,26.3457489013672,0],"to":[0,2.51531028747559,0]},{"o":{"x":0.167,"y":0.167},"i":{"x":0.833,"y":0.833},"s":[596.155,604.972,0],"t":115,"ti":[-0.33333334326744,0,0],"to":[0,-3.33102202415466,0]},{"o":{"x":0.167,"y":0.167},"i":{"x":0.833,"y":0.833},"s":[622.155,588.972,0],"t":119,"ti":[0,-0.33333334326744,0],"to":[0.33333334326744,0,0]},{"o":{"x":0.167,"y":0.167},"i":{"x":0.833,"y":0.833},"s":[622.155,606.972,0],"t":122,"ti":[0,-0.33333334326744,0],"to":[0,0.33333334326744,0]},{"o":{"x":0.167,"y":0.167},"i":{"x":0.833,"y":0.833},"s":[568.155,644.972,0],"t":128,"ti":[0,-0.33333334326744,0],"to":[0,0.33333334326744,0]},{"o":{"x":0.167,"y":0.167},"i":{"x":0.833,"y":0.833},"s":[570.155,672.972,0],"t":132,"ti":[-4.5,-5.85725927352905,0],"to":[0,0.33333334326744,0]},{"s":[597.155,708.116,0],"t":138}],"ix":2},"r":{"a":0,"k":0,"ix":10},"sa":{"a":0,"k":0},"o":{"a":0,"k":100,"ix":11}},"ef":[],"shapes":[{"ty":"gr","bm":0,"hd":false,"mn":"ADBE Vector Group","nm":"Rectángulo 1","ix":1,"cix":2,"np":3,"it":[{"ty":"rc","bm":0,"hd":false,"mn":"ADBE Vector Shape - Rect","nm":"Trazado de rectángulo 1","d":1,"p":{"a":0,"k":[0,0],"ix":3},"r":{"a":0,"k":20,"ix":4},"s":{"a":0,"k":[25,55],"ix":2}},{"ty":"st","bm":0,"hd":false,"mn":"ADBE Vector Graphic - Stroke","nm":"Trazo 1","lc":1,"lj":1,"ml":4,"o":{"a":0,"k":100,"ix":4},"w":{"a":0,"k":0,"ix":5},"c":{"a":0,"k":[1,1,1],"ix":3}},{"ty":"fl","bm":0,"hd":false,"mn":"ADBE Vector Graphic - Fill","nm":"Relleno 1","c":{"a":0,"k":[1,1,1],"ix":4},"r":1,"o":{"a":0,"k":100,"ix":5}},{"ty":"tr","a":{"a":0,"k":[0,0],"ix":1},"s":{"a":0,"k":[100,100],"ix":3},"sk":{"a":0,"k":0,"ix":4},"p":{"a":0,"k":[-114.5,-108.5],"ix":2},"r":{"a":0,"k":0,"ix":6},"sa":{"a":0,"k":0,"ix":5},"o":{"a":0,"k":100,"ix":7}}]}],"ind":7},{"ty":4,"nm":"Capa de formas 4","sr":1,"st":0,"op":750,"ip":0,"hd":false,"ddd":0,"bm":0,"hasMask":false,"ao":0,"ks":{"a":{"a":0,"k":[0,0,0],"ix":1},"s":{"a":0,"k":[100,100,100],"ix":6},"sk":{"a":0,"k":0},"p":{"a":1,"k":[{"o":{"x":0.167,"y":0.167},"i":{"x":0.833,"y":0.833},"s":[600,704,0],"t":0,"ti":[0,-0.66666668653488,0],"to":[0,-18.3333339691162,0]},{"o":{"x":0.167,"y":0.167},"i":{"x":0.833,"y":0.833},"s":[600,594,0],"t":24,"ti":[0,0.66666668653488,0],"to":[0,0.66666668653488,0]},{"o":{"x":0.167,"y":0.167},"i":{"x":0.833,"y":0.833},"s":[600,708,0],"t":45,"ti":[0,-0.66666668653488,0],"to":[0,-0.66666668653488,0]},{"o":{"x":0.167,"y":0.167},"i":{"x":0.833,"y":0.833},"s":[600,590,0],"t":68,"ti":[0,-0.66666668653488,0],"to":[0,0.66666668653488,0]},{"o":{"x":0.167,"y":0.167},"i":{"x":0.833,"y":0.833},"s":[600,712,0],"t":92,"ti":[0,1,0],"to":[0,0.66666668653488,0]},{"o":{"x":0.167,"y":0.167},"i":{"x":0.833,"y":0.833},"s":[600,594,0],"t":114,"ti":[0,-18.6666660308838,0],"to":[0,-1,0]},{"s":[600,706,0],"t":135}],"ix":2},"r":{"a":0,"k":0,"ix":10},"sa":{"a":0,"k":0},"o":{"a":0,"k":100,"ix":11}},"ef":[],"shapes":[{"ty":"gr","bm":0,"hd":false,"mn":"ADBE Vector Group","nm":"Rectángulo 1","ix":1,"cix":2,"np":3,"it":[{"ty":"rc","bm":0,"hd":false,"mn":"ADBE Vector Shape - Rect","nm":"Trazado de rectángulo 1","d":1,"p":{"a":0,"k":[0,0],"ix":3},"r":{"a":0,"k":20,"ix":4},"s":{"a":0,"k":[336,170],"ix":2}},{"ty":"st","bm":0,"hd":false,"mn":"ADBE Vector Graphic - Stroke","nm":"Trazo 1","lc":1,"lj":1,"ml":4,"o":{"a":0,"k":100,"ix":4},"w":{"a":0,"k":0,"ix":5},"c":{"a":0,"k":[1,1,1],"ix":3}},{"ty":"fl","bm":0,"hd":false,"mn":"ADBE Vector Graphic - Fill","nm":"Relleno 1","c":{"a":1,"k":[{"o":{"x":0.167,"y":0},"i":{"x":0.667,"y":1},"s":[0.4431,0.8902,1],"t":0},{"o":{"x":0.333,"y":0},"i":{"x":0.667,"y":1},"s":[0.4431,0.8902,1],"t":17},{"o":{"x":0.333,"y":0},"i":{"x":0.667,"y":1},"s":[1,1,0.502],"t":31},{"o":{"x":0.333,"y":0},"i":{"x":0.667,"y":1},"s":[0.4431,0.8902,1],"t":45},{"o":{"x":0.333,"y":0},"i":{"x":0.667,"y":1},"s":[1,1,0.502],"t":66},{"o":{"x":0.333,"y":0},"i":{"x":0.667,"y":1},"s":[0.4431,0.8902,1],"t":91},{"o":{"x":0.333,"y":0},"i":{"x":0.667,"y":1},"s":[1,1,0.502],"t":119},{"o":{"x":0.333,"y":0},"i":{"x":0.833,"y":1},"s":[0.4431,0.8902,1],"t":126},{"s":[0.4431,0.8902,1],"t":139}],"ix":4},"r":1,"o":{"a":0,"k":100,"ix":5}},{"ty":"tr","a":{"a":0,"k":[0,0],"ix":1},"s":{"a":0,"k":[100,120.965],"ix":3},"sk":{"a":0,"k":0,"ix":4},"p":{"a":0,"k":[-28,-101],"ix":2},"r":{"a":0,"k":0,"ix":6},"sa":{"a":0,"k":0,"ix":5},"o":{"a":0,"k":100,"ix":7}}]},{"ty":"gr","bm":0,"hd":false,"mn":"ADBE Vector Group","nm":"Grupo 1","ix":2,"cix":2,"np":1,"it":[{"ty":"fl","bm":0,"hd":false,"mn":"ADBE Vector Graphic - Fill","nm":"Relleno 1","c":{"a":0,"k":[0.9765,1,0.502],"ix":4},"r":1,"o":{"a":0,"k":100,"ix":5}},{"ty":"tr","a":{"a":0,"k":[0,0],"ix":1},"s":{"a":0,"k":[100,100],"ix":3},"sk":{"a":0,"k":0,"ix":4},"p":{"a":0,"k":[0,0],"ix":2},"r":{"a":0,"k":0,"ix":6},"sa":{"a":0,"k":0,"ix":5},"o":{"a":0,"k":100,"ix":7}}]},{"ty":"gr","bm":0,"hd":false,"mn":"ADBE Vector Group","nm":"Grupo 2","ix":3,"cix":2,"np":1,"it":[{"ty":"fl","bm":0,"hd":false,"mn":"ADBE Vector Graphic - Fill","nm":"Relleno 1","c":{"a":0,"k":[1,0.9176,0.9176],"ix":4},"r":1,"o":{"a":0,"k":100,"ix":5}},{"ty":"tr","a":{"a":0,"k":[0,0],"ix":1},"s":{"a":0,"k":[100,100],"ix":3},"sk":{"a":0,"k":0,"ix":4},"p":{"a":0,"k":[0,0],"ix":2},"r":{"a":0,"k":0,"ix":6},"sa":{"a":0,"k":0,"ix":5},"o":{"a":0,"k":100,"ix":7}}]}],"ind":8},{"ty":4,"nm":"Capa de formas 22","sr":1,"st":0,"op":750,"ip":0,"hd":false,"ddd":0,"bm":0,"hasMask":true,"ao":0,"ks":{"a":{"a":0,"k":[0,0,0],"ix":1},"s":{"a":0,"k":[100,100,100],"ix":6},"sk":{"a":0,"k":0},"p":{"a":1,"k":[{"o":{"x":0.167,"y":0.167},"i":{"x":0.833,"y":0.833},"s":[574,615,0],"t":0,"ti":[0.00485277175903,0.24263858795166,0],"to":[0,0,0]},{"o":{"x":0.167,"y":0.167},"i":{"x":0.833,"y":0.833},"s":[573.992,505.614,0],"t":24,"ti":[0.00811667740345,-2.21872735023499,0],"to":[-0.00493994960561,-0.24699747562408,0]},{"o":{"x":0.167,"y":0.167},"i":{"x":0.833,"y":0.833},"s":[573.972,618.722,0],"t":45,"ti":[0.00078860705253,-0.1953813880682,0],"to":[-0.00076925946632,0.21028026938438,0]},{"o":{"x":0.167,"y":0.167},"i":{"x":0.833,"y":0.833},"s":[573.97,503.33,0],"t":68,"ti":[0.00450812466443,-1.59364032745361,0],"to":[-0.0041158394888,1.01972007751465,0]},{"o":{"x":0.167,"y":0.167},"i":{"x":0.833,"y":0.833},"s":[573.957,617.271,0],"t":92,"ti":[0.00070710811997,-0.23398634791374,0],"to":[-0.00070078560384,0.24773053824902,0]},{"o":{"x":0.167,"y":0.167},"i":{"x":0.833,"y":0.833},"s":[573.955,505.994,0],"t":114,"ti":[0.00328829861246,-1.33724391460419,0],"to":[-0.00320661976002,1.0610898733139,0]},{"o":{"x":0.167,"y":0.167},"i":{"x":0.833,"y":0.833},"s":[573.945,619.599,0],"t":135,"ti":[-0.18594388663769,-9.297194480896,0],"to":[-0.06177143007517,25.1204299926758,0]},{"s":[574,615,0],"t":749}],"ix":2},"r":{"a":0,"k":0,"ix":10},"sa":{"a":0,"k":0},"o":{"a":0,"k":100,"ix":11}},"ef":[],"masksProperties":[{"nm":"Máscara 1","inv":false,"mode":"f","x":{"a":0,"k":0,"ix":4},"o":{"a":0,"k":100,"ix":3},"pt":{"a":0,"k":{"c":true,"i":[[59.811,0],[0,0],[0,54.771],[0,0],[-59.811,0],[0,0],[0,-54.771],[0,0]],"o":[[0,0],[-59.811,0],[0,0],[0,-54.771],[0,0],[59.811,0],[0,0],[0,54.771]],"v":[[121.231,147.909],[-114.352,147.909],[-226.039,-47.325],[-226.039,-47.325],[-117.292,-146.909],[118.292,-146.909],[227.039,-47.325],[227.039,-47.325]]},"ix":1}}],"shapes":[{"ty":"gr","bm":0,"hd":false,"mn":"ADBE Vector Group","nm":"Rectángulo 1","ix":1,"cix":2,"np":3,"it":[{"ty":"rc","bm":0,"hd":false,"mn":"ADBE Vector Shape - Rect","nm":"Trazado de rectángulo 1","d":1,"p":{"a":0,"k":[0,0],"ix":3},"r":{"a":0,"k":0,"ix":4},"s":{"a":0,"k":[475,331],"ix":2}},{"ty":"st","bm":0,"hd":false,"mn":"ADBE Vector Graphic - Stroke","nm":"Trazo 1","lc":1,"lj":1,"ml":4,"o":{"a":0,"k":100,"ix":4},"w":{"a":0,"k":0,"ix":5},"c":{"a":0,"k":[1,1,1],"ix":3}},{"ty":"fl","bm":0,"hd":false,"mn":"ADBE Vector Graphic - Fill","nm":"Relleno 1","c":{"a":0,"k":[0.6745,0.6745,0.6745],"ix":4},"r":1,"o":{"a":0,"k":100,"ix":5}},{"ty":"tr","a":{"a":0,"k":[0,0],"ix":1},"s":{"a":0,"k":[100,100],"ix":3},"sk":{"a":0,"k":0,"ix":4},"p":{"a":0,"k":[-3.5,5.5],"ix":2},"r":{"a":0,"k":0,"ix":6},"sa":{"a":0,"k":0,"ix":5},"o":{"a":0,"k":100,"ix":7}}]}],"ind":9},{"ty":4,"nm":"Capa de formas 2","sr":1,"st":0,"op":750,"ip":0,"hd":false,"ddd":0,"bm":0,"hasMask":true,"ao":0,"ks":{"a":{"a":0,"k":[0,0,0],"ix":1},"s":{"a":0,"k":[100,100,100],"ix":6},"sk":{"a":0,"k":0},"p":{"a":1,"k":[{"o":{"x":0.167,"y":0.167},"i":{"x":0.833,"y":0.833},"s":[566,627,0],"t":0,"ti":[0,-0.66666668653488,0],"to":[0,-18.3333339691162,0]},{"o":{"x":0.167,"y":0.167},"i":{"x":0.833,"y":0.833},"s":[566,517,0],"t":24,"ti":[0,0.66666668653488,0],"to":[0,0.66666668653488,0]},{"o":{"x":0.167,"y":0.167},"i":{"x":0.833,"y":0.833},"s":[566,631,0],"t":45,"ti":[0,-0.66666668653488,0],"to":[0,-0.66666668653488,0]},{"o":{"x":0.167,"y":0.167},"i":{"x":0.833,"y":0.833},"s":[566,513,0],"t":68,"ti":[0,-0.66666668653488,0],"to":[0,0.66666668653488,0]},{"o":{"x":0.167,"y":0.167},"i":{"x":0.833,"y":0.833},"s":[566,635,0],"t":92,"ti":[0,1,0],"to":[0,0.66666668653488,0]},{"o":{"x":0.167,"y":0.167},"i":{"x":0.833,"y":0.833},"s":[566,517,0],"t":114,"ti":[0,-18.6666660308838,0],"to":[0,-1,0]},{"s":[566,629,0],"t":135}],"ix":2},"r":{"a":0,"k":0,"ix":10},"sa":{"a":0,"k":0},"o":{"a":0,"k":100,"ix":11}},"ef":[],"masksProperties":[{"nm":"Máscara 1","inv":false,"mode":"a","x":{"a":0,"k":0,"ix":4},"o":{"a":0,"k":100,"ix":3},"pt":{"a":0,"k":{"c":true,"i":[[0,-145.086],[145.086,0],[0,145.086],[-145.086,0]],"o":[[0,145.086],[-145.086,0],[0,-145.086],[145.086,0]],"v":[[263.202,-58.308],[0.5,204.394],[-262.201,-58.308],[3.194,-199.089]]},"ix":1}}],"shapes":[{"ty":"gr","bm":0,"hd":false,"mn":"ADBE Vector Group","nm":"Rectángulo 1","ix":1,"cix":2,"np":3,"it":[{"ty":"rc","bm":0,"hd":false,"mn":"ADBE Vector Shape - Rect","nm":"Trazado de rectángulo 1","d":1,"p":{"a":0,"k":[0,0],"ix":3},"r":{"a":0,"k":20,"ix":4},"s":{"a":0,"k":[998,600],"ix":2}},{"ty":"st","bm":0,"hd":false,"mn":"ADBE Vector Graphic - Stroke","nm":"Trazo 1","lc":1,"lj":1,"ml":4,"o":{"a":0,"k":100,"ix":4},"w":{"a":0,"k":0,"ix":5},"c":{"a":0,"k":[1,1,1],"ix":3}},{"ty":"gf","bm":0,"hd":false,"mn":"ADBE Vector Graphic - G-Fill","nm":"Relleno de degradado 1","e":{"a":0,"k":[100,0],"ix":6},"g":{"p":3,"k":{"a":0,"k":[0,1,1,1,0.757,0.9372549019607843,0.9372549019607843,0.9372549019607843,1,0.8745098039215686,0.8745098039215686,0.8745098039215686],"ix":9}},"t":2,"a":{"a":0,"k":0,"ix":8},"h":{"a":0,"k":0,"ix":7},"s":{"a":0,"k":[0,0],"ix":5},"r":1,"o":{"a":0,"k":100,"ix":10}},{"ty":"tr","a":{"a":0,"k":[0,0],"ix":1},"s":{"a":0,"k":[100,100],"ix":3},"sk":{"a":0,"k":0,"ix":4},"p":{"a":0,"k":[17,92],"ix":2},"r":{"a":0,"k":0,"ix":6},"sa":{"a":0,"k":0,"ix":5},"o":{"a":0,"k":100,"ix":7}}]}],"ind":10}]},{"nm":"","id":"comp_1","layers":[{"ty":4,"nm":"Capa de formas 1","sr":1,"st":0,"op":750,"ip":0,"hd":false,"ddd":0,"bm":0,"hasMask":false,"ao":0,"ks":{"a":{"a":0,"k":[-33.25,-278.75,0],"ix":1},"s":{"a":0,"k":[100,100,100],"ix":6},"sk":{"a":0,"k":0},"p":{"a":0,"k":[564.75,402.75,0],"ix":2},"r":{"a":1,"k":[{"o":{"x":0.333,"y":0},"i":{"x":0.833,"y":1},"s":[0.502],"t":0},{"o":{"x":0.167,"y":0},"i":{"x":0.833,"y":1},"s":[43.925],"t":23},{"o":{"x":0.167,"y":0},"i":{"x":0.833,"y":1},"s":[-37.274],"t":46},{"o":{"x":0.167,"y":0},"i":{"x":0.833,"y":1},"s":[38.961],"t":68},{"o":{"x":0.167,"y":0},"i":{"x":0.833,"y":1},"s":[-41.067],"t":91},{"o":{"x":0.167,"y":0},"i":{"x":0.833,"y":1},"s":[40.318],"t":115},{"s":[0.492],"t":139}],"ix":10},"sa":{"a":0,"k":0},"o":{"a":0,"k":100,"ix":11}},"ef":[],"shapes":[{"ty":"gr","bm":0,"hd":false,"mn":"ADBE Vector Group","nm":"Elipse 1","ix":1,"cix":2,"np":3,"it":[{"ty":"el","bm":0,"hd":false,"mn":"ADBE Vector Shape - Ellipse","nm":"Trazado elíptico 1","d":1,"p":{"a":0,"k":[0,0],"ix":3},"s":{"a":0,"k":[72,72],"ix":2}},{"ty":"st","bm":0,"hd":false,"mn":"ADBE Vector Graphic - Stroke","nm":"Trazo 1","lc":1,"lj":1,"ml":4,"o":{"a":0,"k":100,"ix":4},"w":{"a":0,"k":0,"ix":5},"c":{"a":0,"k":[1,1,1],"ix":3}},{"ty":"fl","bm":0,"hd":false,"mn":"ADBE Vector Graphic - Fill","nm":"Relleno 1","c":{"a":1,"k":[{"o":{"x":0.333,"y":0},"i":{"x":0.669,"y":0.862},"s":[0.4471,0.9804,1],"t":0},{"o":{"x":0.329,"y":-0.143},"i":{"x":0.609,"y":1.19},"s":[1,1,0.502],"t":22},{"o":{"x":0.228,"y":0.12},"i":{"x":0.683,"y":1},"s":[0.4471,0.9804,1],"t":45},{"o":{"x":0.333,"y":0},"i":{"x":0.667,"y":1},"s":[1,1,0.502],"t":70},{"o":{"x":0.167,"y":0},"i":{"x":0.667,"y":1},"s":[0.4471,0.9804,1],"t":92},{"o":{"x":0.333,"y":0},"i":{"x":0.667,"y":1},"s":[1,1,0.502],"t":117},{"s":[0.4471,0.9804,1],"t":138}],"ix":4},"r":1,"o":{"a":0,"k":100,"ix":5}},{"ty":"tr","a":{"a":0,"k":[0.5,80.5],"ix":1},"s":{"a":0,"k":[100,100],"ix":3},"sk":{"a":0,"k":0,"ix":4},"p":{"a":0,"k":[-33.5,-279.5],"ix":2},"r":{"a":0,"k":0,"ix":6},"sa":{"a":0,"k":0,"ix":5},"o":{"a":0,"k":100,"ix":7}}]}],"ind":1},{"ty":4,"nm":"Capa de formas 21","sr":1,"st":0,"op":750,"ip":0,"hd":false,"ddd":0,"bm":0,"hasMask":false,"ao":0,"ks":{"a":{"a":0,"k":[-35,-301.5,0],"ix":1},"s":{"a":0,"k":[100,100,100],"ix":6},"sk":{"a":0,"k":0},"p":{"a":0,"k":[565,402.5,0],"ix":2},"r":{"a":1,"k":[{"o":{"x":0.333,"y":0},"i":{"x":0.833,"y":1},"s":[0.502],"t":0},{"o":{"x":0.167,"y":0},"i":{"x":0.833,"y":1},"s":[43.925],"t":23},{"o":{"x":0.167,"y":0},"i":{"x":0.833,"y":1},"s":[-37.274],"t":46},{"o":{"x":0.167,"y":0},"i":{"x":0.833,"y":1},"s":[38.961],"t":68},{"o":{"x":0.167,"y":0},"i":{"x":0.833,"y":1},"s":[-41.067],"t":91},{"o":{"x":0.167,"y":0},"i":{"x":0.833,"y":1},"s":[40.318],"t":115},{"s":[0.492],"t":139}],"ix":10},"sa":{"a":0,"k":0},"o":{"a":0,"k":100,"ix":11}},"ef":[],"shapes":[{"ty":"gr","bm":0,"hd":false,"mn":"ADBE Vector Group","nm":"Rectángulo 1","ix":1,"cix":2,"np":3,"it":[{"ty":"rc","bm":0,"hd":false,"mn":"ADBE Vector Shape - Rect","nm":"Trazado de rectángulo 1","d":1,"p":{"a":0,"k":[0,0],"ix":3},"r":{"a":0,"k":0,"ix":4},"s":{"a":0,"k":[5,48],"ix":2}},{"ty":"st","bm":0,"hd":false,"mn":"ADBE Vector Graphic - Stroke","nm":"Trazo 1","lc":1,"lj":1,"ml":4,"o":{"a":0,"k":100,"ix":4},"w":{"a":0,"k":0,"ix":5},"c":{"a":0,"k":[1,1,1],"ix":3}},{"ty":"fl","bm":0,"hd":false,"mn":"ADBE Vector Graphic - Fill","nm":"Relleno 1","c":{"a":0,"k":[0.6039,0.6039,0.6039],"ix":4},"r":1,"o":{"a":0,"k":100,"ix":5}},{"ty":"tr","a":{"a":0,"k":[0,0],"ix":1},"s":{"a":0,"k":[100,100],"ix":3},"sk":{"a":0,"k":0,"ix":4},"p":{"a":0,"k":[-35.25,-325.5],"ix":2},"r":{"a":0,"k":0,"ix":6},"sa":{"a":0,"k":0,"ix":5},"o":{"a":0,"k":100,"ix":7}}]}],"ind":2}]},{"nm":"","id":"comp_2","layers":[{"ty":4,"nm":"Capa de formas 14","sr":1,"st":0,"op":750,"ip":0,"hd":false,"ddd":0,"bm":0,"hasMask":false,"ao":0,"ks":{"a":{"a":1,"k":[{"o":{"x":0.333,"y":0.333},"i":{"x":0.667,"y":0.667},"s":[-284.285,41.077,0],"t":0},{"o":{"x":0.333,"y":0},"i":{"x":0.667,"y":1},"s":[-284.285,41.077,0],"t":20},{"s":[-334.357,27.042,0],"t":34}],"ix":1},"s":{"a":1,"k":[{"o":{"x":0.333,"y":0},"i":{"x":0.667,"y":1},"s":[-100,100,100],"t":0},{"s":[-100,100,100],"t":20}],"ix":6},"sk":{"a":0,"k":0},"p":{"a":1,"k":[{"o":{"x":0.333,"y":0.333},"i":{"x":0.667,"y":0.667},"s":[826,636,0],"t":0,"ti":[0,0,0],"to":[0,0,0]},{"o":{"x":0.333,"y":0},"i":{"x":0.667,"y":0.763},"s":[826,636,0],"t":20,"ti":[-41.4483604431152,55.3085632324219,0],"to":[5.30338001251221,-4.9544734954834,0]},{"s":[859.425,551.909,0],"t":34}],"ix":2},"r":{"a":1,"k":[{"o":{"x":0.333,"y":0},"i":{"x":0.667,"y":1},"s":[-27.394],"t":0},{"o":{"x":0.333,"y":0},"i":{"x":0.667,"y":1},"s":[-27.394],"t":20},{"s":[206.662],"t":34}],"ix":10},"sa":{"a":0,"k":0},"o":{"a":1,"k":[{"o":{"x":0.167,"y":0.167},"i":{"x":0.833,"y":0.833},"s":[100],"t":33},{"s":[0],"t":34}],"ix":11}},"ef":[],"shapes":[{"ty":"gr","bm":0,"hd":false,"mn":"ADBE Vector Group","nm":"Rectángulo 1","ix":1,"cix":2,"np":3,"it":[{"ty":"rc","bm":0,"hd":false,"mn":"ADBE Vector Shape - Rect","nm":"Trazado de rectángulo 1","d":1,"p":{"a":0,"k":[0,0],"ix":3},"r":{"a":0,"k":20,"ix":4},"s":{"a":0,"k":[48.5,19.75],"ix":2}},{"ty":"st","bm":0,"hd":false,"mn":"ADBE Vector Graphic - Stroke","nm":"Trazo 1","lc":1,"lj":1,"ml":4,"o":{"a":0,"k":100,"ix":4},"w":{"a":0,"k":0,"ix":5},"c":{"a":0,"k":[1,1,1],"ix":3}},{"ty":"fl","bm":0,"hd":false,"mn":"ADBE Vector Graphic - Fill","nm":"Relleno 1","c":{"a":0,"k":[0.2235,0.2235,0.2235],"ix":4},"r":1,"o":{"a":0,"k":100,"ix":5}},{"ty":"tr","a":{"a":0,"k":[0,0],"ix":1},"s":{"a":0,"k":[100,100],"ix":3},"sk":{"a":0,"k":0,"ix":4},"p":{"a":0,"k":[-283.75,41.375],"ix":2},"r":{"a":0,"k":45.781,"ix":6},"sa":{"a":0,"k":0,"ix":5},"o":{"a":0,"k":100,"ix":7}}]}],"ind":1},{"ty":4,"nm":"Capa de formas 17","sr":1,"st":0,"op":750,"ip":0,"hd":false,"ddd":0,"bm":0,"hasMask":false,"ao":0,"ks":{"a":{"a":0,"k":[-292,28,0],"ix":1},"s":{"a":0,"k":[-100,100,100],"ix":6},"sk":{"a":0,"k":0},"p":{"a":1,"k":[{"o":{"x":0.333,"y":0},"i":{"x":0.667,"y":1},"s":[861.5,659,0],"t":20,"ti":[-12.8333330154419,11.1666669845581,0],"to":[12.8333330154419,-11.1666669845581,0]},{"s":[938.5,592,0],"t":32}],"ix":2},"r":{"a":1,"k":[{"o":{"x":0.333,"y":0},"i":{"x":0.667,"y":1},"s":[0],"t":19},{"s":[96.917],"t":32}],"ix":10},"sa":{"a":0,"k":0},"o":{"a":0,"k":100,"ix":11}},"ef":[],"shapes":[{"ty":"gr","bm":0,"hd":false,"mn":"ADBE Vector Group","nm":"Rectángulo 1","ix":1,"cix":2,"np":3,"it":[{"ty":"rc","bm":0,"hd":false,"mn":"ADBE Vector Shape - Rect","nm":"Trazado de rectángulo 1","d":1,"p":{"a":0,"k":[0,0],"ix":3},"r":{"a":0,"k":20,"ix":4},"s":{"a":0,"k":[48.5,19.75],"ix":2}},{"ty":"st","bm":0,"hd":false,"mn":"ADBE Vector Graphic - Stroke","nm":"Trazo 1","lc":1,"lj":1,"ml":4,"o":{"a":0,"k":100,"ix":4},"w":{"a":0,"k":0,"ix":5},"c":{"a":0,"k":[1,1,1],"ix":3}},{"ty":"fl","bm":0,"hd":false,"mn":"ADBE Vector Graphic - Fill","nm":"Relleno 1","c":{"a":0,"k":[0.2235,0.2235,0.2235],"ix":4},"r":1,"o":{"a":0,"k":100,"ix":5}},{"ty":"tr","a":{"a":0,"k":[0,0],"ix":1},"s":{"a":0,"k":[116.666,100],"ix":3},"sk":{"a":0,"k":0,"ix":4},"p":{"a":0,"k":[-291.75,29.875],"ix":2},"r":{"a":0,"k":90.772,"ix":6},"sa":{"a":0,"k":0,"ix":5},"o":{"a":0,"k":100,"ix":7}}]}],"ind":2},{"ty":4,"nm":"Capa de formas 16","sr":1,"st":0,"op":750,"ip":0,"hd":false,"ddd":0,"bm":0,"hasMask":false,"ao":0,"ks":{"a":{"a":1,"k":[{"o":{"x":0.167,"y":0.167},"i":{"x":0.667,"y":0.667},"s":[-292,30,0],"t":0},{"s":[-292,30,0],"t":20}],"ix":1},"s":{"a":1,"k":[{"o":{"x":0.167,"y":0},"i":{"x":0.667,"y":1},"s":[-100,100,100],"t":0},{"s":[-100,100,100],"t":20}],"ix":6},"sk":{"a":0,"k":0},"p":{"a":1,"k":[{"o":{"x":0.167,"y":0.167},"i":{"x":0.667,"y":0.667},"s":[886,662,0],"t":0,"ti":[0,0,0],"to":[0,0,0]},{"o":{"x":0.333,"y":0},"i":{"x":0.667,"y":0.658},"s":[886,662,0],"t":20,"ti":[-13.5835838317871,2.47726392745972,0],"to":[-0.06202998384833,-35.1710014343262,0]},{"o":{"x":0.333,"y":0.342},"i":{"x":0.667,"y":1},"s":[921.599,625.494,0],"t":29,"ti":[-1.89599812030792,1.89599812030792,0],"to":[4.66509628295898,-0.85078245401382,0]},{"s":[932,609.5,0],"t":32}],"ix":2},"r":{"a":1,"k":[{"o":{"x":0.167,"y":0},"i":{"x":0.667,"y":1},"s":[0],"t":-1},{"o":{"x":0.333,"y":0},"i":{"x":0.667,"y":1},"s":[0],"t":20},{"s":[109.181],"t":32}],"ix":10},"sa":{"a":0,"k":0},"o":{"a":0,"k":100,"ix":11}},"ef":[],"shapes":[{"ty":"gr","bm":0,"hd":false,"mn":"ADBE Vector Group","nm":"Rectángulo 1","ix":1,"cix":2,"np":3,"it":[{"ty":"rc","bm":0,"hd":false,"mn":"ADBE Vector Shape - Rect","nm":"Trazado de rectángulo 1","d":1,"p":{"a":0,"k":[0,0],"ix":3},"r":{"a":0,"k":20,"ix":4},"s":{"a":0,"k":[48.5,19.75],"ix":2}},{"ty":"st","bm":0,"hd":false,"mn":"ADBE Vector Graphic - Stroke","nm":"Trazo 1","lc":1,"lj":1,"ml":4,"o":{"a":0,"k":100,"ix":4},"w":{"a":0,"k":0,"ix":5},"c":{"a":0,"k":[1,1,1],"ix":3}},{"ty":"fl","bm":0,"hd":false,"mn":"ADBE Vector Graphic - Fill","nm":"Relleno 1","c":{"a":0,"k":[0.2235,0.2235,0.2235],"ix":4},"r":1,"o":{"a":0,"k":100,"ix":5}},{"ty":"tr","a":{"a":0,"k":[0,0],"ix":1},"s":{"a":0,"k":[116.666,100],"ix":3},"sk":{"a":0,"k":0,"ix":4},"p":{"a":0,"k":[-291.75,29.875],"ix":2},"r":{"a":0,"k":90.772,"ix":6},"sa":{"a":0,"k":0,"ix":5},"o":{"a":0,"k":100,"ix":7}}]}],"ind":3},{"ty":4,"nm":"Capa de formas 19","sr":1,"st":2,"op":409,"ip":23,"hd":false,"ddd":0,"bm":0,"hasMask":false,"ao":0,"ks":{"a":{"a":1,"k":[{"o":{"x":0.167,"y":0.167},"i":{"x":0.833,"y":0.833},"s":[-293,30,0],"t":2},{"s":[-293,30,0],"t":22}],"ix":1},"s":{"a":1,"k":[{"o":{"x":0.167,"y":0.167},"i":{"x":0.833,"y":0.833},"s":[-100,100,100],"t":2},{"s":[-100,100,100],"t":22}],"ix":6},"sk":{"a":0,"k":0},"p":{"a":1,"k":[{"o":{"x":0.167,"y":0.167},"i":{"x":0.833,"y":0.833},"s":[906.5,653.5,0],"t":2,"ti":[0,0,0],"to":[0,0,0]},{"o":{"x":0.167,"y":0.167},"i":{"x":0.833,"y":0.833},"s":[906.5,653.5,0],"t":22,"ti":[-19.625,-7.08333349227905,0],"to":[1.375,-4.02083349227905,0]},{"s":[914.75,629.375,0],"t":32}],"ix":2},"r":{"a":1,"k":[{"o":{"x":0.167,"y":0.167},"i":{"x":0.833,"y":0.833},"s":[-4.635],"t":2},{"o":{"x":0.167,"y":0.167},"i":{"x":0.833,"y":0.833},"s":[-4.635],"t":22},{"s":[127.341],"t":32}],"ix":10},"sa":{"a":0,"k":0},"o":{"a":0,"k":100,"ix":11}},"ef":[],"shapes":[{"ty":"gr","bm":0,"hd":false,"mn":"ADBE Vector Group","nm":"Rectángulo 1","ix":1,"cix":2,"np":3,"it":[{"ty":"rc","bm":0,"hd":false,"mn":"ADBE Vector Shape - Rect","nm":"Trazado de rectángulo 1","d":1,"p":{"a":0,"k":[0,0],"ix":3},"r":{"a":0,"k":20,"ix":4},"s":{"a":0,"k":[48.5,19.75],"ix":2}},{"ty":"st","bm":0,"hd":false,"mn":"ADBE Vector Graphic - Stroke","nm":"Trazo 1","lc":1,"lj":1,"ml":4,"o":{"a":0,"k":100,"ix":4},"w":{"a":0,"k":0,"ix":5},"c":{"a":0,"k":[1,1,1],"ix":3}},{"ty":"fl","bm":0,"hd":false,"mn":"ADBE Vector Graphic - Fill","nm":"Relleno 1","c":{"a":0,"k":[0.2235,0.2235,0.2235],"ix":4},"r":1,"o":{"a":0,"k":100,"ix":5}},{"ty":"tr","a":{"a":0,"k":[0,0],"ix":1},"s":{"a":1,"k":[{"o":{"x":0.167,"y":0.167},"i":{"x":0.833,"y":0.833},"s":[116.666,100],"t":2},{"s":[98.819,100],"t":32}],"ix":3},"sk":{"a":0,"k":0,"ix":4},"p":{"a":0,"k":[-291.75,29.875],"ix":2},"r":{"a":0,"k":90.772,"ix":6},"sa":{"a":0,"k":0,"ix":5},"o":{"a":0,"k":100,"ix":7}}]}],"ind":4},{"ty":4,"nm":"Capa de formas 15","sr":1,"st":0,"op":750,"ip":0,"hd":false,"ddd":0,"bm":0,"hasMask":false,"ao":0,"ks":{"a":{"a":1,"k":[{"o":{"x":0.167,"y":0.167},"i":{"x":0.833,"y":0.833},"s":[-338,13,0],"t":0},{"s":[-338,13,0],"t":20}],"ix":1},"s":{"a":1,"k":[{"o":{"x":0.167,"y":0.167},"i":{"x":0.833,"y":0.833},"s":[-100,100,100],"t":0},{"s":[-100,100,100],"t":20}],"ix":6},"sk":{"a":0,"k":0},"p":{"a":1,"k":[{"o":{"x":0.167,"y":0.167},"i":{"x":0.833,"y":0.833},"s":[874.5,610.5,0],"t":0,"ti":[0,0,0],"to":[0,0,0]},{"o":{"x":0.167,"y":0.167},"i":{"x":0.833,"y":0.833},"s":[874.5,610.5,0],"t":20,"ti":[0,-0.33333334326744,0],"to":[0,0.33333334326744,0]},{"s":[874.5,612.5,0],"t":32}],"ix":2},"r":{"a":0,"k":124.808,"ix":10},"sa":{"a":0,"k":0},"o":{"a":0,"k":100,"ix":11}},"ef":[],"shapes":[{"ty":"gr","bm":0,"hd":false,"mn":"ADBE Vector Group","nm":"Elipse 1","ix":1,"cix":2,"np":3,"it":[{"ty":"el","bm":0,"hd":false,"mn":"ADBE Vector Shape - Ellipse","nm":"Trazado elíptico 1","d":1,"p":{"a":0,"k":[0,0],"ix":3},"s":{"a":0,"k":[89,89],"ix":2}},{"ty":"st","bm":0,"hd":false,"mn":"ADBE Vector Graphic - Stroke","nm":"Trazo 1","lc":1,"lj":1,"ml":4,"o":{"a":0,"k":100,"ix":4},"w":{"a":0,"k":0,"ix":5},"c":{"a":0,"k":[1,1,1],"ix":3}},{"ty":"gf","bm":0,"hd":false,"mn":"ADBE Vector Graphic - G-Fill","nm":"Relleno de degradado 1","e":{"a":0,"k":[100,0],"ix":6},"g":{"p":3,"k":{"a":0,"k":[0,1,1,1,0.5,0.8627450980392157,0.8627450980392157,0.8627450980392157,1,0.7215686274509804,0.7215686274509804,0.7215686274509804],"ix":9}},"t":2,"a":{"a":0,"k":0,"ix":8},"h":{"a":0,"k":0,"ix":7},"s":{"a":0,"k":[0,0],"ix":5},"r":1,"o":{"a":0,"k":100,"ix":10}},{"ty":"tr","a":{"a":0,"k":[0,0],"ix":1},"s":{"a":0,"k":[100,100],"ix":3},"sk":{"a":0,"k":0,"ix":4},"p":{"a":0,"k":[-333.5,11.5],"ix":2},"r":{"a":0,"k":0,"ix":6},"sa":{"a":0,"k":0,"ix":5},"o":{"a":0,"k":100,"ix":7}}]}],"ind":5},{"ty":4,"nm":"Capa de formas 18","sr":1,"st":0,"op":25,"ip":0,"hd":false,"ddd":0,"bm":0,"hasMask":false,"ao":0,"ks":{"a":{"a":1,"k":[{"o":{"x":0.167,"y":0.167},"i":{"x":0.833,"y":0.833},"s":[-293,30,0],"t":0},{"s":[-293,30,0],"t":20}],"ix":1},"s":{"a":1,"k":[{"o":{"x":0.167,"y":0.167},"i":{"x":0.833,"y":0.833},"s":[-100,100,100],"t":0},{"s":[-100,100,100],"t":20}],"ix":6},"sk":{"a":0,"k":0},"p":{"a":1,"k":[{"o":{"x":0.167,"y":0.167},"i":{"x":0.833,"y":0.833},"s":[906.5,653.5,0],"t":0,"ti":[0,0,0],"to":[0,0,0]},{"s":[906.5,653.5,0],"t":20}],"ix":2},"r":{"a":1,"k":[{"o":{"x":0.167,"y":0.167},"i":{"x":0.833,"y":0.833},"s":[-4.635],"t":0},{"s":[-4.635],"t":20}],"ix":10},"sa":{"a":0,"k":0},"o":{"a":0,"k":100,"ix":11}},"ef":[],"shapes":[{"ty":"gr","bm":0,"hd":false,"mn":"ADBE Vector Group","nm":"Rectángulo 1","ix":1,"cix":2,"np":3,"it":[{"ty":"rc","bm":0,"hd":false,"mn":"ADBE Vector Shape - Rect","nm":"Trazado de rectángulo 1","d":1,"p":{"a":0,"k":[0,0],"ix":3},"r":{"a":0,"k":20,"ix":4},"s":{"a":0,"k":[48.5,19.75],"ix":2}},{"ty":"st","bm":0,"hd":false,"mn":"ADBE Vector Graphic - Stroke","nm":"Trazo 1","lc":1,"lj":1,"ml":4,"o":{"a":0,"k":100,"ix":4},"w":{"a":0,"k":0,"ix":5},"c":{"a":0,"k":[1,1,1],"ix":3}},{"ty":"fl","bm":0,"hd":false,"mn":"ADBE Vector Graphic - Fill","nm":"Relleno 1","c":{"a":0,"k":[0.2235,0.2235,0.2235],"ix":4},"r":1,"o":{"a":0,"k":100,"ix":5}},{"ty":"tr","a":{"a":0,"k":[0,0],"ix":1},"s":{"a":0,"k":[116.666,100],"ix":3},"sk":{"a":0,"k":0,"ix":4},"p":{"a":0,"k":[-291.75,29.875],"ix":2},"r":{"a":0,"k":90.772,"ix":6},"sa":{"a":0,"k":0,"ix":5},"o":{"a":0,"k":100,"ix":7}}]}],"ind":6},{"ty":4,"nm":"Capa de formas 20","sr":1,"st":0,"op":750,"ip":34,"hd":false,"ddd":0,"bm":0,"hasMask":false,"ao":0,"ks":{"a":{"a":1,"k":[{"o":{"x":0.333,"y":0.333},"i":{"x":0.667,"y":0.667},"s":[-284.285,41.077,0],"t":0},{"o":{"x":0.333,"y":0},"i":{"x":0.667,"y":1},"s":[-284.285,41.077,0],"t":20},{"s":[-334.357,27.042,0],"t":34}],"ix":1},"s":{"a":1,"k":[{"o":{"x":0.333,"y":0},"i":{"x":0.667,"y":1},"s":[-100,100,100],"t":0},{"s":[-100,100,100],"t":20}],"ix":6},"sk":{"a":0,"k":0},"p":{"a":1,"k":[{"o":{"x":0.333,"y":0.333},"i":{"x":0.667,"y":0.667},"s":[826,636,0],"t":0,"ti":[0,0,0],"to":[0,0,0]},{"o":{"x":0.333,"y":0},"i":{"x":0.667,"y":0.763},"s":[826,636,0],"t":20,"ti":[-41.4483604431152,55.3085632324219,0],"to":[5.30338001251221,-4.9544734954834,0]},{"s":[859.425,551.909,0],"t":34}],"ix":2},"r":{"a":1,"k":[{"o":{"x":0.333,"y":0},"i":{"x":0.667,"y":1},"s":[-27.394],"t":0},{"o":{"x":0.333,"y":0},"i":{"x":0.667,"y":1},"s":[-27.394],"t":20},{"s":[206.662],"t":34}],"ix":10},"sa":{"a":0,"k":0},"o":{"a":0,"k":100,"ix":11}},"ef":[],"shapes":[{"ty":"gr","bm":0,"hd":false,"mn":"ADBE Vector Group","nm":"Rectángulo 1","ix":1,"cix":2,"np":3,"it":[{"ty":"rc","bm":0,"hd":false,"mn":"ADBE Vector Shape - Rect","nm":"Trazado de rectángulo 1","d":1,"p":{"a":0,"k":[0,0],"ix":3},"r":{"a":0,"k":20,"ix":4},"s":{"a":0,"k":[48.5,19.75],"ix":2}},{"ty":"st","bm":0,"hd":false,"mn":"ADBE Vector Graphic - Stroke","nm":"Trazo 1","lc":1,"lj":1,"ml":4,"o":{"a":0,"k":100,"ix":4},"w":{"a":0,"k":0,"ix":5},"c":{"a":0,"k":[1,1,1],"ix":3}},{"ty":"fl","bm":0,"hd":false,"mn":"ADBE Vector Graphic - Fill","nm":"Relleno 1","c":{"a":0,"k":[0.2235,0.2235,0.2235],"ix":4},"r":1,"o":{"a":0,"k":100,"ix":5}},{"ty":"tr","a":{"a":0,"k":[0,0],"ix":1},"s":{"a":0,"k":[100,100],"ix":3},"sk":{"a":0,"k":0,"ix":4},"p":{"a":0,"k":[-283.75,41.375],"ix":2},"r":{"a":0,"k":45.781,"ix":6},"sa":{"a":0,"k":0,"ix":5},"o":{"a":0,"k":100,"ix":7}}]}],"ind":7}]}]}